,indicator,periodType,periodFrom,periodTo,tsoEicCode,operatorLabel,pointLabel,tsoItemIdentifier,directionKey,unit,itemRemarks,generalRemarks,value,lastUpdateDateTime,isUnlimited,flowStatus,isCamRelevant,isNA,isCmpRelevant,interruptionCalculationRemark,isArchived
0,Physical Flow,day,2019-01-01 06:00,2019-01-02 06:00,21X-IT-A-A0A0A-7,Snam Rete Gas,Griespass (CH) / Passo Gries (IT),21Z0000000002107,entry,kWh/d,,,31156649,2019-03-06 15:06,,Confirmed,no,,no,,
1,Physical Flow,day,2019-01-02 06:00,2019-01-03 06:00,21X-IT-A-A0A0A-7,Snam Rete Gas,Griespass (CH) / Passo Gries (IT),21Z0000000002107,entry,kWh/d,,,27800565,2019-03-06 15:06,,Confirmed,no,,no,,
2,Physical Flow,day,2019-01-03 06:00,2019-01-04 06:00,21X-IT-A-A0A0A-7,Snam Rete Gas,Griespass (CH) / Passo Gries (IT),21Z0000000002107,entry,kWh/d,,,155371560,2019-03-06 15:06,,Confirmed,no,,no,,
3,Physical Flow,day,2019-01-04 06:00,2019-01-05 06:00,21X-IT-A-A0A0A-7,Snam Rete Gas,Griespass (CH) / Passo Gries (IT),21Z0000000002107,entry,kWh/d,,,197236794,2019-03-06 15:06,,Confirmed,no,,no,,
4,Physical Flow,day,2019-01-05 06:00,2019-01-06 06:00,21X-IT-A-A0A0A-7,Snam Rete Gas,Griespass (CH) / Passo Gries (IT),21Z0000000002107,entry,kWh/d,,,59819446,2019-03-06 15:06,,Confirmed,no,,no,,
5,Physical Flow,day,2019-01-06 06:00,2019-01-07 06:00,21X-IT-A-A0A0A-7,Snam Rete Gas,Griespass (CH) / Passo Gries (IT),21Z0000000002107,entry,kWh/d,,,60474879,2019-03-06 15:06,,Confirmed,no,,no,,
6,Physical Flow,day,2019-01-07 06:00,2019-01-08 06:00,21X-IT-A-A0A0A-7,Snam Rete Gas,Griespass (CH) / Passo Gries (IT),21Z0000000002107,entry,kWh/d,,,198963656,2019-03-06 15:06,,Confirmed,no,,no,,
7,Physical Flow,day,2019-01-08 06:00,2019-01-09 06:00,21X-IT-A-A0A0A-7,Snam Rete Gas,Griespass (CH) / Passo Gries (IT),21Z0000000002107,entry,kWh/d,,,318901591,2019-03-06 15:06,,Confirmed,no,,no,,
8,Physical Flow,day,2019-01-09 06:00,2019-01-10 06:00,21X-IT-A-A0A0A-7,Snam Rete Gas,Griespass (CH) / Passo Gries (IT),21Z0000000002107,entry,kWh/d,,,279331965,2019-03-06 15:06,,Confirmed,no,,no,,
9,Physical Flow,day,2019-01-10 06:00,2019-01-11 06:00,21X-IT-A-A0A0A-7,Snam Rete Gas,Griespass (CH) / Passo Gries (IT),21Z0000000002107,entry,kWh/d,,,326444694,2019-03-06 15:06,,Confirmed,no,,no,,
10,Physical Flow,day,2019-01-11 06:00,2019-01-12 06:00,21X-IT-A-A0A0A-7,Snam Rete Gas,Griespass (CH) / Passo Gries (IT),21Z0000000002107,entry,kWh/d,,,340576829,2019-03-06 15:06,,Confirmed,no,,no,,
11,Physical Flow,day,2019-01-12 06:00,2019-01-13 06:00,21X-IT-A-A0A0A-7,Snam Rete Gas,Griespass (CH) / Passo Gries (IT),21Z0000000002107,entry,kWh/d,,,218239591,2019-03-06 15:06,,Confirmed,no,,no,,
12,Physical Flow,day,2019-01-13 06:00,2019-01-14 06:00,21X-IT-A-A0A0A-7,Snam Rete Gas,Griespass (CH) / Passo Gries (IT),21Z0000000002107,entry,kWh/d,,,208020111,2019-03-06 15:06,,Confirmed,no,,no,,
13,Physical Flow,day,2019-01-14 06:00,2019-01-15 06:00,21X-IT-A-A0A0A-7,Snam Rete Gas,Griespass (CH) / Passo Gries (IT),21Z0000000002107,entry,kWh/d,,,271977016,2019-03-06 15:06,,Confirmed,no,,no,,
14,Physical Flow,day,2019-01-15 06:00,2019-01-16 06:00,21X-IT-A-A0A0A-7,Snam Rete Gas,Griespass (CH) / Passo Gries (IT),21Z0000000002107,entry,kWh/d,,,271464925,2019-03-06 15:06,,Confirmed,no,,no,,
15,Physical Flow,day,2019-01-16 06:00,2019-01-17 06:00,21X-IT-A-A0A0A-7,Snam Rete Gas,Griespass (CH) / Passo Gries (IT),21Z0000000002107,entry,kWh/d,,,271005984,2019-03-06 15:06,,Confirmed,no,,no,,
16,Physical Flow,day,2019-01-17 06:00,2019-01-18 06:00,21X-IT-A-A0A0A-7,Snam Rete Gas,Griespass (CH) / Passo Gries (IT),21Z0000000002107,entry,kWh/d,,,272214372,2019-03-06 15:06,,Confirmed,no,,no,,
17,Physical Flow,day,2019-01-18 06:00,2019-01-19 06:00,21X-IT-A-A0A0A-7,Snam Rete Gas,Griespass (CH) / Passo Gries (IT),21Z0000000002107,entry,kWh/d,,,63260502,2019-03-06 15:06,,Confirmed,no,,no,,
18,Physical Flow,day,2019-01-19 06:00,2019-01-20 06:00,21X-IT-A-A0A0A-7,Snam Rete Gas,Griespass (CH) / Passo Gries (IT),21Z0000000002107,entry,kWh/d,,,69225763,2019-03-06 15:06,,Confirmed,no,,no,,
19,Physical Flow,day,2019-01-20 06:00,2019-01-21 06:00,21X-IT-A-A0A0A-7,Snam Rete Gas,Griespass (CH) / Passo Gries (IT),21Z0000000002107,entry,kWh/d,,,52354769,2019-03-06 15:06,,Confirmed,no,,no,,
20,Physical Flow,day,2019-01-21 06:00,2019-01-22 06:00,21X-IT-A-A0A0A-7,Snam Rete Gas,Griespass (CH) / Passo Gries (IT),21Z0000000002107,entry,kWh/d,,,262953223,2019-03-06 15:06,,Confirmed,no,,no,,
21,Physical Flow,day,2019-01-22 06:00,2019-01-23 06:00,21X-IT-A-A0A0A-7,Snam Rete Gas,Griespass (CH) / Passo Gries (IT),21Z0000000002107,entry,kWh/d,,,270671983,2019-03-06 15:06,,Confirmed,no,,no,,
22,Physical Flow,day,2019-01-23 06:00,2019-01-24 06:00,21X-IT-A-A0A0A-7,Snam Rete Gas,Griespass (CH) / Passo Gries (IT),21Z0000000002107,entry,kWh/d,,,318546828,2019-03-06 15:06,,Confirmed,no,,no,,
23,Physical Flow,day,2019-01-24 06:00,2019-01-25 06:00,21X-IT-A-A0A0A-7,Snam Rete Gas,Griespass (CH) / Passo Gries (IT),21Z0000000002107,entry,kWh/d,,,286856503,2019-03-06 15:06,,Confirmed,no,,no,,
24,Physical Flow,day,2019-01-25 06:00,2019-01-26 06:00,21X-IT-A-A0A0A-7,Snam Rete Gas,Griespass (CH) / Passo Gries (IT),21Z0000000002107,entry,kWh/d,,,358803983,2019-03-06 15:06,,Confirmed,no,,no,,
25,Physical Flow,day,2019-01-26 06:00,2019-01-27 06:00,21X-IT-A-A0A0A-7,Snam Rete Gas,Griespass (CH) / Passo Gries (IT),21Z0000000002107,entry,kWh/d,,,246305875,2019-03-06 15:06,,Confirmed,no,,no,,
26,Physical Flow,day,2019-01-27 06:00,2019-01-28 06:00,21X-IT-A-A0A0A-7,Snam Rete Gas,Griespass (CH) / Passo Gries (IT),21Z0000000002107,entry,kWh/d,,,253884124,2019-03-06 15:06,,Confirmed,no,,no,,
27,Physical Flow,day,2019-01-28 06:00,2019-01-29 06:00,21X-IT-A-A0A0A-7,Snam Rete Gas,Griespass (CH) / Passo Gries (IT),21Z0000000002107,entry,kWh/d,,,319745159,2019-03-06 15:06,,Confirmed,no,,no,,
28,Physical Flow,day,2019-01-29 06:00,2019-01-30 06:00,21X-IT-A-A0A0A-7,Snam Rete Gas,Griespass (CH) / Passo Gries (IT),21Z0000000002107,entry,kWh/d,,,326510203,2019-03-06 15:06,,Confirmed,no,,no,,
29,Physical Flow,day,2019-01-30 06:00,2019-01-31 06:00,21X-IT-A-A0A0A-7,Snam Rete Gas,Griespass (CH) / Passo Gries (IT),21Z0000000002107,entry,kWh/d,,,319565452,2019-03-06 15:06,,Confirmed,no,,no,,
30,Physical Flow,day,2019-01-31 06:00,2019-02-01 06:00,21X-IT-A-A0A0A-7,Snam Rete Gas,Griespass (CH) / Passo Gries (IT),21Z0000000002107,entry,kWh/d,,,312272008,2019-03-06 15:06,,Confirmed,no,,no,,
31,Physical Flow,day,2019-02-01 06:00,2019-02-02 06:00,21X-IT-A-A0A0A-7,Snam Rete Gas,Griespass (CH) / Passo Gries (IT),21Z0000000002107,entry,kWh/d,,,271040242,2019-04-03 21:16,,Confirmed,no,,no,,
32,Physical Flow,day,2019-02-02 06:00,2019-02-03 06:00,21X-IT-A-A0A0A-7,Snam Rete Gas,Griespass (CH) / Passo Gries (IT),21Z0000000002107,entry,kWh/d,,,131498831,2019-04-03 21:16,,Confirmed,no,,no,,
33,Physical Flow,day,2019-02-03 06:00,2019-02-04 06:00,21X-IT-A-A0A0A-7,Snam Rete Gas,Griespass (CH) / Passo Gries (IT),21Z0000000002107,entry,kWh/d,,,125576293,2019-04-03 21:16,,Confirmed,no,,no,,
34,Physical Flow,day,2019-02-04 06:00,2019-02-05 06:00,21X-IT-A-A0A0A-7,Snam Rete Gas,Griespass (CH) / Passo Gries (IT),21Z0000000002107,entry,kWh/d,,,273692064,2019-04-03 21:16,,Confirmed,no,,no,,
35,Physical Flow,day,2019-02-05 06:00,2019-02-06 06:00,21X-IT-A-A0A0A-7,Snam Rete Gas,Griespass (CH) / Passo Gries (IT),21Z0000000002107,entry,kWh/d,,,252436251,2019-04-03 21:16,,Confirmed,no,,no,,
36,Physical Flow,day,2019-02-06 06:00,2019-02-07 06:00,21X-IT-A-A0A0A-7,Snam Rete Gas,Griespass (CH) / Passo Gries (IT),21Z0000000002107,entry,kWh/d,,,268130573,2019-04-03 21:16,,Confirmed,no,,no,,
37,Physical Flow,day,2019-02-07 06:00,2019-02-08 06:00,21X-IT-A-A0A0A-7,Snam Rete Gas,Griespass (CH) / Passo Gries (IT),21Z0000000002107,entry,kWh/d,,,275267060,2019-04-03 21:16,,Confirmed,no,,no,,
38,Physical Flow,day,2019-02-08 06:00,2019-02-09 06:00,21X-IT-A-A0A0A-7,Snam Rete Gas,Griespass (CH) / Passo Gries (IT),21Z0000000002107,entry,kWh/d,,,273624964,2019-04-03 21:16,,Confirmed,no,,no,,
39,Physical Flow,day,2019-02-09 06:00,2019-02-10 06:00,21X-IT-A-A0A0A-7,Snam Rete Gas,Griespass (CH) / Passo Gries (IT),21Z0000000002107,entry,kWh/d,,,269800218,2019-04-03 21:16,,Confirmed,no,,no,,
40,Physical Flow,day,2019-02-10 06:00,2019-02-11 06:00,21X-IT-A-A0A0A-7,Snam Rete Gas,Griespass (CH) / Passo Gries (IT),21Z0000000002107,entry,kWh/d,,,267353010,2019-04-03 21:16,,Confirmed,no,,no,,
41,Physical Flow,day,2019-02-11 06:00,2019-02-12 06:00,21X-IT-A-A0A0A-7,Snam Rete Gas,Griespass (CH) / Passo Gries (IT),21Z0000000002107,entry,kWh/d,,,269160825,2019-04-03 21:16,,Confirmed,no,,no,,
42,Physical Flow,day,2019-02-12 06:00,2019-02-13 06:00,21X-IT-A-A0A0A-7,Snam Rete Gas,Griespass (CH) / Passo Gries (IT),21Z0000000002107,entry,kWh/d,,,270807162,2019-04-03 21:16,,Confirmed,no,,no,,
43,Physical Flow,day,2019-02-13 06:00,2019-02-14 06:00,21X-IT-A-A0A0A-7,Snam Rete Gas,Griespass (CH) / Passo Gries (IT),21Z0000000002107,entry,kWh/d,,,270875843,2019-04-03 21:16,,Confirmed,no,,no,,
44,Physical Flow,day,2019-02-14 06:00,2019-02-15 06:00,21X-IT-A-A0A0A-7,Snam Rete Gas,Griespass (CH) / Passo Gries (IT),21Z0000000002107,entry,kWh/d,,,271247375,2019-04-03 21:16,,Confirmed,no,,no,,
45,Physical Flow,day,2019-02-15 06:00,2019-02-16 06:00,21X-IT-A-A0A0A-7,Snam Rete Gas,Griespass (CH) / Passo Gries (IT),21Z0000000002107,entry,kWh/d,,,281342450,2019-04-03 21:16,,Confirmed,no,,no,,
46,Physical Flow,day,2019-02-16 06:00,2019-02-17 06:00,21X-IT-A-A0A0A-7,Snam Rete Gas,Griespass (CH) / Passo Gries (IT),21Z0000000002107,entry,kWh/d,,,273590399,2019-04-03 21:16,,Confirmed,no,,no,,
47,Physical Flow,day,2019-02-17 06:00,2019-02-18 06:00,21X-IT-A-A0A0A-7,Snam Rete Gas,Griespass (CH) / Passo Gries (IT),21Z0000000002107,entry,kWh/d,,,270946465,2019-04-03 21:16,,Confirmed,no,,no,,
48,Physical Flow,day,2019-02-18 06:00,2019-02-19 06:00,21X-IT-A-A0A0A-7,Snam Rete Gas,Griespass (CH) / Passo Gries (IT),21Z0000000002107,entry,kWh/d,,,282495189,2019-04-03 21:16,,Confirmed,no,,no,,
49,Physical Flow,day,2019-02-19 06:00,2019-02-20 06:00,21X-IT-A-A0A0A-7,Snam Rete Gas,Griespass (CH) / Passo Gries (IT),21Z0000000002107,entry,kWh/d,,,291231591,2019-04-03 21:16,,Confirmed,no,,no,,
50,Physical Flow,day,2019-02-20 06:00,2019-02-21 06:00,21X-IT-A-A0A0A-7,Snam Rete Gas,Griespass (CH) / Passo Gries (IT),21Z0000000002107,entry,kWh/d,,,348225369,2019-04-03 21:16,,Confirmed,no,,no,,
51,Physical Flow,day,2019-02-21 06:00,2019-02-22 06:00,21X-IT-A-A0A0A-7,Snam Rete Gas,Griespass (CH) / Passo Gries (IT),21Z0000000002107,entry,kWh/d,,,334538712,2019-04-03 21:16,,Confirmed,no,,no,,
52,Physical Flow,day,2019-02-22 06:00,2019-02-23 06:00,21X-IT-A-A0A0A-7,Snam Rete Gas,Griespass (CH) / Passo Gries (IT),21Z0000000002107,entry,kWh/d,,,334500911,2019-04-03 21:16,,Confirmed,no,,no,,
53,Physical Flow,day,2019-02-23 06:00,2019-02-24 06:00,21X-IT-A-A0A0A-7,Snam Rete Gas,Griespass (CH) / Passo Gries (IT),21Z0000000002107,entry,kWh/d,,,319299291,2019-04-03 21:16,,Confirmed,no,,no,,
54,Physical Flow,day,2019-02-24 06:00,2019-02-25 06:00,21X-IT-A-A0A0A-7,Snam Rete Gas,Griespass (CH) / Passo Gries (IT),21Z0000000002107,entry,kWh/d,,,320021346,2019-04-03 21:16,,Confirmed,no,,no,,
55,Physical Flow,day,2019-02-25 06:00,2019-02-26 06:00,21X-IT-A-A0A0A-7,Snam Rete Gas,Griespass (CH) / Passo Gries (IT),21Z0000000002107,entry,kWh/d,,,320198011,2019-04-03 21:16,,Confirmed,no,,no,,
56,Physical Flow,day,2019-02-26 06:00,2019-02-27 06:00,21X-IT-A-A0A0A-7,Snam Rete Gas,Griespass (CH) / Passo Gries (IT),21Z0000000002107,entry,kWh/d,,,321128383,2019-04-03 21:16,,Confirmed,no,,no,,
57,Physical Flow,day,2019-02-27 06:00,2019-02-28 06:00,21X-IT-A-A0A0A-7,Snam Rete Gas,Griespass (CH) / Passo Gries (IT),21Z0000000002107,entry,kWh/d,,,327533906,2019-04-03 21:16,,Confirmed,no,,no,,
58,Physical Flow,day,2019-02-28 06:00,2019-03-01 06:00,21X-IT-A-A0A0A-7,Snam Rete Gas,Griespass (CH) / Passo Gries (IT),21Z0000000002107,entry,kWh/d,,,319459583,2019-04-03 21:16,,Confirmed,no,,no,,
59,Physical Flow,day,2019-03-01 06:00,2019-03-02 06:00,21X-IT-A-A0A0A-7,Snam Rete Gas,Griespass (CH) / Passo Gries (IT),21Z0000000002107,entry,kWh/d,,,276421321,2019-05-20 15:02,,Confirmed,no,,no,,
60,Physical Flow,day,2019-03-02 06:00,2019-03-03 06:00,21X-IT-A-A0A0A-7,Snam Rete Gas,Griespass (CH) / Passo Gries (IT),21Z0000000002107,entry,kWh/d,,,277143381,2019-05-20 15:02,,Confirmed,no,,no,,
61,Physical Flow,day,2019-03-03 06:00,2019-03-04 06:00,21X-IT-A-A0A0A-7,Snam Rete Gas,Griespass (CH) / Passo Gries (IT),21Z0000000002107,entry,kWh/d,,,276248696,2019-05-20 15:02,,Confirmed,no,,no,,
62,Physical Flow,day,2019-03-04 06:00,2019-03-05 06:00,21X-IT-A-A0A0A-7,Snam Rete Gas,Griespass (CH) / Passo Gries (IT),21Z0000000002107,entry,kWh/d,,,274253923,2019-05-20 15:02,,Confirmed,no,,no,,
63,Physical Flow,day,2019-03-05 06:00,2019-03-06 06:00,21X-IT-A-A0A0A-7,Snam Rete Gas,Griespass (CH) / Passo Gries (IT),21Z0000000002107,entry,kWh/d,,,279727422,2019-05-20 15:02,,Confirmed,no,,no,,
64,Physical Flow,day,2019-03-06 06:00,2019-03-07 06:00,21X-IT-A-A0A0A-7,Snam Rete Gas,Griespass (CH) / Passo Gries (IT),21Z0000000002107,entry,kWh/d,,,272584157,2019-05-20 15:02,,Confirmed,no,,no,,
65,Physical Flow,day,2019-03-07 06:00,2019-03-08 06:00,21X-IT-A-A0A0A-7,Snam Rete Gas,Griespass (CH) / Passo Gries (IT),21Z0000000002107,entry,kWh/d,,,280252118,2019-05-20 15:02,,Confirmed,no,,no,,
66,Physical Flow,day,2019-03-08 06:00,2019-03-09 06:00,21X-IT-A-A0A0A-7,Snam Rete Gas,Griespass (CH) / Passo Gries (IT),21Z0000000002107,entry,kWh/d,,,279449407,2019-05-20 15:02,,Confirmed,no,,no,,
67,Physical Flow,day,2019-03-09 06:00,2019-03-10 06:00,21X-IT-A-A0A0A-7,Snam Rete Gas,Griespass (CH) / Passo Gries (IT),21Z0000000002107,entry,kWh/d,,,274984162,2019-05-20 15:02,,Confirmed,no,,no,,
68,Physical Flow,day,2019-03-10 06:00,2019-03-11 06:00,21X-IT-A-A0A0A-7,Snam Rete Gas,Griespass (CH) / Passo Gries (IT),21Z0000000002107,entry,kWh/d,,,269165329,2019-05-20 15:02,,Confirmed,no,,no,,
69,Physical Flow,day,2019-03-11 06:00,2019-03-12 06:00,21X-IT-A-A0A0A-7,Snam Rete Gas,Griespass (CH) / Passo Gries (IT),21Z0000000002107,entry,kWh/d,,,263099746,2019-05-20 15:02,,Confirmed,no,,no,,
70,Physical Flow,day,2019-03-12 06:00,2019-03-13 06:00,21X-IT-A-A0A0A-7,Snam Rete Gas,Griespass (CH) / Passo Gries (IT),21Z0000000002107,entry,kWh/d,,,268806166,2019-05-20 15:02,,Confirmed,no,,no,,
71,Physical Flow,day,2019-03-13 06:00,2019-03-14 06:00,21X-IT-A-A0A0A-7,Snam Rete Gas,Griespass (CH) / Passo Gries (IT),21Z0000000002107,entry,kWh/d,,,289908050,2019-05-20 15:02,,Confirmed,no,,no,,
72,Physical Flow,day,2019-03-14 06:00,2019-03-15 06:00,21X-IT-A-A0A0A-7,Snam Rete Gas,Griespass (CH) / Passo Gries (IT),21Z0000000002107,entry,kWh/d,,,280106142,2019-05-20 15:02,,Confirmed,no,,no,,
73,Physical Flow,day,2019-03-15 06:00,2019-03-16 06:00,21X-IT-A-A0A0A-7,Snam Rete Gas,Griespass (CH) / Passo Gries (IT),21Z0000000002107,entry,kWh/d,,,289845455,2019-05-20 15:02,,Confirmed,no,,no,,
74,Physical Flow,day,2019-03-16 06:00,2019-03-17 06:00,21X-IT-A-A0A0A-7,Snam Rete Gas,Griespass (CH) / Passo Gries (IT),21Z0000000002107,entry,kWh/d,,,276881675,2019-05-20 15:02,,Confirmed,no,,no,,
75,Physical Flow,day,2019-03-17 06:00,2019-03-18 06:00,21X-IT-A-A0A0A-7,Snam Rete Gas,Griespass (CH) / Passo Gries (IT),21Z0000000002107,entry,kWh/d,,,284957048,2019-05-20 15:02,,Confirmed,no,,no,,
76,Physical Flow,day,2019-03-18 06:00,2019-03-19 06:00,21X-IT-A-A0A0A-7,Snam Rete Gas,Griespass (CH) / Passo Gries (IT),21Z0000000002107,entry,kWh/d,,,288013891,2019-05-20 15:02,,Confirmed,no,,no,,
77,Physical Flow,day,2019-03-19 06:00,2019-03-20 06:00,21X-IT-A-A0A0A-7,Snam Rete Gas,Griespass (CH) / Passo Gries (IT),21Z0000000002107,entry,kWh/d,,,290257139,2019-05-20 15:02,,Confirmed,no,,no,,
78,Physical Flow,day,2019-03-20 06:00,2019-03-21 06:00,21X-IT-A-A0A0A-7,Snam Rete Gas,Griespass (CH) / Passo Gries (IT),21Z0000000002107,entry,kWh/d,,,308671650,2019-05-20 15:02,,Confirmed,no,,no,,
79,Physical Flow,day,2019-03-21 06:00,2019-03-22 06:00,21X-IT-A-A0A0A-7,Snam Rete Gas,Griespass (CH) / Passo Gries (IT),21Z0000000002107,entry,kWh/d,,,320464631,2019-05-20 15:02,,Confirmed,no,,no,,
80,Physical Flow,day,2019-03-22 06:00,2019-03-23 06:00,21X-IT-A-A0A0A-7,Snam Rete Gas,Griespass (CH) / Passo Gries (IT),21Z0000000002107,entry,kWh/d,,,324977253,2019-05-20 15:02,,Confirmed,no,,no,,
81,Physical Flow,day,2019-03-23 06:00,2019-03-24 06:00,21X-IT-A-A0A0A-7,Snam Rete Gas,Griespass (CH) / Passo Gries (IT),21Z0000000002107,entry,kWh/d,,,320462934,2019-05-20 15:02,,Confirmed,no,,no,,
82,Physical Flow,day,2019-03-24 06:00,2019-03-25 06:00,21X-IT-A-A0A0A-7,Snam Rete Gas,Griespass (CH) / Passo Gries (IT),21Z0000000002107,entry,kWh/d,,,292961636,2019-05-20 15:02,,Confirmed,no,,no,,
83,Physical Flow,day,2019-03-25 06:00,2019-03-26 06:00,21X-IT-A-A0A0A-7,Snam Rete Gas,Griespass (CH) / Passo Gries (IT),21Z0000000002107,entry,kWh/d,,,344949292,2019-05-20 15:02,,Confirmed,no,,no,,
84,Physical Flow,day,2019-03-26 06:00,2019-03-27 06:00,21X-IT-A-A0A0A-7,Snam Rete Gas,Griespass (CH) / Passo Gries (IT),21Z0000000002107,entry,kWh/d,,,377578846,2019-05-20 15:02,,Confirmed,no,,no,,
85,Physical Flow,day,2019-03-27 06:00,2019-03-28 06:00,21X-IT-A-A0A0A-7,Snam Rete Gas,Griespass (CH) / Passo Gries (IT),21Z0000000002107,entry,kWh/d,,,370400957,2019-05-20 15:02,,Confirmed,no,,no,,
86,Physical Flow,day,2019-03-28 06:00,2019-03-29 06:00,21X-IT-A-A0A0A-7,Snam Rete Gas,Griespass (CH) / Passo Gries (IT),21Z0000000002107,entry,kWh/d,,,390109944,2019-05-20 15:02,,Confirmed,no,,no,,
87,Physical Flow,day,2019-03-29 06:00,2019-03-30 06:00,21X-IT-A-A0A0A-7,Snam Rete Gas,Griespass (CH) / Passo Gries (IT),21Z0000000002107,entry,kWh/d,,,388133774,2019-05-20 15:02,,Confirmed,no,,no,,
88,Physical Flow,day,2019-03-30 06:00,2019-03-31 07:00,21X-IT-A-A0A0A-7,Snam Rete Gas,Griespass (CH) / Passo Gries (IT),21Z0000000002107,entry,kWh/d,,,431371697,2019-05-20 15:02,,Confirmed,no,,no,,
89,Physical Flow,day,2019-03-31 07:00,2019-04-01 06:00,21X-IT-A-A0A0A-7,Snam Rete Gas,Griespass (CH) / Passo Gries (IT),21Z0000000002107,entry,kWh/d,,,418118478,2019-05-20 15:02,,Confirmed,no,,no,,
90,Physical Flow,day,2019-04-01 06:00,2019-04-02 06:00,21X-IT-A-A0A0A-7,Snam Rete Gas,Griespass (CH) / Passo Gries (IT),21Z0000000002107,entry,kWh/d,,,438620879,2019-06-07 14:56,,Confirmed,no,,no,,
91,Physical Flow,day,2019-04-02 06:00,2019-04-03 06:00,21X-IT-A-A0A0A-7,Snam Rete Gas,Griespass (CH) / Passo Gries (IT),21Z0000000002107,entry,kWh/d,,,448579139,2019-06-07 14:56,,Confirmed,no,,no,,
92,Physical Flow,day,2019-04-03 06:00,2019-04-04 06:00,21X-IT-A-A0A0A-7,Snam Rete Gas,Griespass (CH) / Passo Gries (IT),21Z0000000002107,entry,kWh/d,,,459211438,2019-06-07 14:56,,Confirmed,no,,no,,
93,Physical Flow,day,2019-04-04 06:00,2019-04-05 06:00,21X-IT-A-A0A0A-7,Snam Rete Gas,Griespass (CH) / Passo Gries (IT),21Z0000000002107,entry,kWh/d,,,462256503,2019-06-07 14:56,,Confirmed,no,,no,,
94,Physical Flow,day,2019-04-05 06:00,2019-04-06 06:00,21X-IT-A-A0A0A-7,Snam Rete Gas,Griespass (CH) / Passo Gries (IT),21Z0000000002107,entry,kWh/d,,,473355631,2019-06-07 14:56,,Confirmed,no,,no,,
95,Physical Flow,day,2019-04-06 06:00,2019-04-07 06:00,21X-IT-A-A0A0A-7,Snam Rete Gas,Griespass (CH) / Passo Gries (IT),21Z0000000002107,entry,kWh/d,,,493843554,2019-06-07 14:56,,Confirmed,no,,no,,
96,Physical Flow,day,2019-04-07 06:00,2019-04-08 06:00,21X-IT-A-A0A0A-7,Snam Rete Gas,Griespass (CH) / Passo Gries (IT),21Z0000000002107,entry,kWh/d,,,494565238,2019-06-07 14:56,,Confirmed,no,,no,,
97,Physical Flow,day,2019-04-08 06:00,2019-04-09 06:00,21X-IT-A-A0A0A-7,Snam Rete Gas,Griespass (CH) / Passo Gries (IT),21Z0000000002107,entry,kWh/d,,,480409292,2019-06-07 14:56,,Confirmed,no,,no,,
98,Physical Flow,day,2019-04-09 06:00,2019-04-10 06:00,21X-IT-A-A0A0A-7,Snam Rete Gas,Griespass (CH) / Passo Gries (IT),21Z0000000002107,entry,kWh/d,,,490429930,2019-06-07 14:56,,Confirmed,no,,no,,
99,Physical Flow,day,2019-04-10 06:00,2019-04-11 06:00,21X-IT-A-A0A0A-7,Snam Rete Gas,Griespass (CH) / Passo Gries (IT),21Z0000000002107,entry,kWh/d,,,482787552,2019-06-07 14:56,,Confirmed,no,,no,,
100,Physical Flow,day,2019-04-11 06:00,2019-04-12 06:00,21X-IT-A-A0A0A-7,Snam Rete Gas,Griespass (CH) / Passo Gries (IT),21Z0000000002107,entry,kWh/d,,,476295797,2019-06-07 14:56,,Confirmed,no,,no,,
101,Physical Flow,day,2019-04-12 06:00,2019-04-13 06:00,21X-IT-A-A0A0A-7,Snam Rete Gas,Griespass (CH) / Passo Gries (IT),21Z0000000002107,entry,kWh/d,,,480667797,2019-06-07 14:56,,Confirmed,no,,no,,
102,Physical Flow,day,2019-04-13 06:00,2019-04-14 06:00,21X-IT-A-A0A0A-7,Snam Rete Gas,Griespass (CH) / Passo Gries (IT),21Z0000000002107,entry,kWh/d,,,480834528,2019-06-07 14:56,,Confirmed,no,,no,,
103,Physical Flow,day,2019-04-14 06:00,2019-04-15 06:00,21X-IT-A-A0A0A-7,Snam Rete Gas,Griespass (CH) / Passo Gries (IT),21Z0000000002107,entry,kWh/d,,,475962600,2019-06-07 14:56,,Confirmed,no,,no,,
104,Physical Flow,day,2019-04-15 06:00,2019-04-16 06:00,21X-IT-A-A0A0A-7,Snam Rete Gas,Griespass (CH) / Passo Gries (IT),21Z0000000002107,entry,kWh/d,,,458750561,2019-06-07 14:56,,Confirmed,no,,no,,
105,Physical Flow,day,2019-04-16 06:00,2019-04-17 06:00,21X-IT-A-A0A0A-7,Snam Rete Gas,Griespass (CH) / Passo Gries (IT),21Z0000000002107,entry,kWh/d,,,472162332,2019-06-07 14:56,,Confirmed,no,,no,,
106,Physical Flow,day,2019-04-17 06:00,2019-04-18 06:00,21X-IT-A-A0A0A-7,Snam Rete Gas,Griespass (CH) / Passo Gries (IT),21Z0000000002107,entry,kWh/d,,,490307276,2019-06-07 14:56,,Confirmed,no,,no,,
107,Physical Flow,day,2019-04-18 06:00,2019-04-19 06:00,21X-IT-A-A0A0A-7,Snam Rete Gas,Griespass (CH) / Passo Gries (IT),21Z0000000002107,entry,kWh/d,,,504306867,2019-06-07 14:56,,Confirmed,no,,no,,
108,Physical Flow,day,2019-04-19 06:00,2019-04-20 06:00,21X-IT-A-A0A0A-7,Snam Rete Gas,Griespass (CH) / Passo Gries (IT),21Z0000000002107,entry,kWh/d,,,452853650,2019-06-07 14:56,,Confirmed,no,,no,,
109,Physical Flow,day,2019-04-20 06:00,2019-04-21 06:00,21X-IT-A-A0A0A-7,Snam Rete Gas,Griespass (CH) / Passo Gries (IT),21Z0000000002107,entry,kWh/d,,,455039236,2019-06-07 14:56,,Confirmed,no,,no,,
110,Physical Flow,day,2019-04-21 06:00,2019-04-22 06:00,21X-IT-A-A0A0A-7,Snam Rete Gas,Griespass (CH) / Passo Gries (IT),21Z0000000002107,entry,kWh/d,,,405207037,2019-06-07 14:56,,Confirmed,no,,no,,
111,Physical Flow,day,2019-04-22 06:00,2019-04-23 06:00,21X-IT-A-A0A0A-7,Snam Rete Gas,Griespass (CH) / Passo Gries (IT),21Z0000000002107,entry,kWh/d,,,362644877,2019-06-07 14:56,,Confirmed,no,,no,,
112,Physical Flow,day,2019-04-23 06:00,2019-04-24 06:00,21X-IT-A-A0A0A-7,Snam Rete Gas,Griespass (CH) / Passo Gries (IT),21Z0000000002107,entry,kWh/d,,,456900699,2019-06-07 14:56,,Confirmed,no,,no,,
113,Physical Flow,day,2019-04-24 06:00,2019-04-25 06:00,21X-IT-A-A0A0A-7,Snam Rete Gas,Griespass (CH) / Passo Gries (IT),21Z0000000002107,entry,kWh/d,,,457625049,2019-06-07 14:56,,Confirmed,no,,no,,
114,Physical Flow,day,2019-04-25 06:00,2019-04-26 06:00,21X-IT-A-A0A0A-7,Snam Rete Gas,Griespass (CH) / Passo Gries (IT),21Z0000000002107,entry,kWh/d,,,449111518,2019-06-07 14:56,,Confirmed,no,,no,,
115,Physical Flow,day,2019-04-26 06:00,2019-04-27 06:00,21X-IT-A-A0A0A-7,Snam Rete Gas,Griespass (CH) / Passo Gries (IT),21Z0000000002107,entry,kWh/d,,,446725856,2019-06-07 14:56,,Confirmed,no,,no,,
116,Physical Flow,day,2019-04-27 06:00,2019-04-28 06:00,21X-IT-A-A0A0A-7,Snam Rete Gas,Griespass (CH) / Passo Gries (IT),21Z0000000002107,entry,kWh/d,,,404694740,2019-06-07 14:56,,Confirmed,no,,no,,
117,Physical Flow,day,2019-04-28 06:00,2019-04-29 06:00,21X-IT-A-A0A0A-7,Snam Rete Gas,Griespass (CH) / Passo Gries (IT),21Z0000000002107,entry,kWh/d,,,403410021,2019-06-07 14:56,,Confirmed,no,,no,,
118,Physical Flow,day,2019-04-29 06:00,2019-04-30 06:00,21X-IT-A-A0A0A-7,Snam Rete Gas,Griespass (CH) / Passo Gries (IT),21Z0000000002107,entry,kWh/d,,,456910074,2019-06-07 14:56,,Confirmed,no,,no,,
119,Physical Flow,day,2019-04-30 06:00,2019-05-01 06:00,21X-IT-A-A0A0A-7,Snam Rete Gas,Griespass (CH) / Passo Gries (IT),21Z0000000002107,entry,kWh/d,,,476790146,2019-06-07 14:56,,Confirmed,no,,no,,
120,Physical Flow,day,2019-05-01 06:00,2019-05-02 06:00,21X-IT-A-A0A0A-7,Snam Rete Gas,Griespass (CH) / Passo Gries (IT),21Z0000000002107,entry,kWh/d,,,367282093,2019-11-21 15:49,,Confirmed,no,,no,,
121,Physical Flow,day,2019-05-02 06:00,2019-05-03 06:00,21X-IT-A-A0A0A-7,Snam Rete Gas,Griespass (CH) / Passo Gries (IT),21Z0000000002107,entry,kWh/d,,,423051247,2019-11-21 15:49,,Confirmed,no,,no,,
122,Physical Flow,day,2019-05-03 06:00,2019-05-04 06:00,21X-IT-A-A0A0A-7,Snam Rete Gas,Griespass (CH) / Passo Gries (IT),21Z0000000002107,entry,kWh/d,,,437829758,2019-11-21 15:49,,Confirmed,no,,no,,
123,Physical Flow,day,2019-05-04 06:00,2019-05-05 06:00,21X-IT-A-A0A0A-7,Snam Rete Gas,Griespass (CH) / Passo Gries (IT),21Z0000000002107,entry,kWh/d,,,382953361,2019-11-21 15:49,,Confirmed,no,,no,,
124,Physical Flow,day,2019-05-05 06:00,2019-05-06 06:00,21X-IT-A-A0A0A-7,Snam Rete Gas,Griespass (CH) / Passo Gries (IT),21Z0000000002107,entry,kWh/d,,,374244421,2019-11-21 15:49,,Confirmed,no,,no,,
125,Physical Flow,day,2019-05-06 06:00,2019-05-07 06:00,21X-IT-A-A0A0A-7,Snam Rete Gas,Griespass (CH) / Passo Gries (IT),21Z0000000002107,entry,kWh/d,,,336439142,2019-11-21 15:49,,Confirmed,no,,no,,
126,Physical Flow,day,2019-05-07 06:00,2019-05-08 06:00,21X-IT-A-A0A0A-7,Snam Rete Gas,Griespass (CH) / Passo Gries (IT),21Z0000000002107,entry,kWh/d,,,354796244,2019-11-21 15:49,,Confirmed,no,,no,,
127,Physical Flow,day,2019-05-08 06:00,2019-05-09 06:00,21X-IT-A-A0A0A-7,Snam Rete Gas,Griespass (CH) / Passo Gries (IT),21Z0000000002107,entry,kWh/d,,,373251680,2019-11-21 15:49,,Confirmed,no,,no,,
128,Physical Flow,day,2019-05-09 06:00,2019-05-10 06:00,21X-IT-A-A0A0A-7,Snam Rete Gas,Griespass (CH) / Passo Gries (IT),21Z0000000002107,entry,kWh/d,,,361828260,2019-11-21 15:49,,Confirmed,no,,no,,
129,Physical Flow,day,2019-05-10 06:00,2019-05-11 06:00,21X-IT-A-A0A0A-7,Snam Rete Gas,Griespass (CH) / Passo Gries (IT),21Z0000000002107,entry,kWh/d,,,360127806,2019-11-21 15:49,,Confirmed,no,,no,,
130,Physical Flow,day,2019-05-11 06:00,2019-05-12 06:00,21X-IT-A-A0A0A-7,Snam Rete Gas,Griespass (CH) / Passo Gries (IT),21Z0000000002107,entry,kWh/d,,,365403436,2019-11-21 15:49,,Confirmed,no,,no,,
131,Physical Flow,day,2019-05-12 06:00,2019-05-13 06:00,21X-IT-A-A0A0A-7,Snam Rete Gas,Griespass (CH) / Passo Gries (IT),21Z0000000002107,entry,kWh/d,,,362574866,2019-11-21 15:49,,Confirmed,no,,no,,
132,Physical Flow,day,2019-05-13 06:00,2019-05-14 06:00,21X-IT-A-A0A0A-7,Snam Rete Gas,Griespass (CH) / Passo Gries (IT),21Z0000000002107,entry,kWh/d,,,362505856,2019-11-21 15:49,,Confirmed,no,,no,,
133,Physical Flow,day,2019-05-14 06:00,2019-05-15 06:00,21X-IT-A-A0A0A-7,Snam Rete Gas,Griespass (CH) / Passo Gries (IT),21Z0000000002107,entry,kWh/d,,,387853523,2019-11-21 15:49,,Confirmed,no,,no,,
134,Physical Flow,day,2019-05-15 06:00,2019-05-16 06:00,21X-IT-A-A0A0A-7,Snam Rete Gas,Griespass (CH) / Passo Gries (IT),21Z0000000002107,entry,kWh/d,,,401809322,2019-11-21 15:49,,Confirmed,no,,no,,
135,Physical Flow,day,2019-05-16 06:00,2019-05-17 06:00,21X-IT-A-A0A0A-7,Snam Rete Gas,Griespass (CH) / Passo Gries (IT),21Z0000000002107,entry,kWh/d,,,404695014,2019-11-21 15:49,,Confirmed,no,,no,,
136,Physical Flow,day,2019-05-17 06:00,2019-05-18 06:00,21X-IT-A-A0A0A-7,Snam Rete Gas,Griespass (CH) / Passo Gries (IT),21Z0000000002107,entry,kWh/d,,,408328038,2019-11-21 15:49,,Confirmed,no,,no,,
137,Physical Flow,day,2019-05-18 06:00,2019-05-19 06:00,21X-IT-A-A0A0A-7,Snam Rete Gas,Griespass (CH) / Passo Gries (IT),21Z0000000002107,entry,kWh/d,,,419538335,2019-11-21 15:49,,Confirmed,no,,no,,
138,Physical Flow,day,2019-05-19 06:00,2019-05-20 06:00,21X-IT-A-A0A0A-7,Snam Rete Gas,Griespass (CH) / Passo Gries (IT),21Z0000000002107,entry,kWh/d,,,432548415,2019-11-21 15:49,,Confirmed,no,,no,,
139,Physical Flow,day,2019-05-20 06:00,2019-05-21 06:00,21X-IT-A-A0A0A-7,Snam Rete Gas,Griespass (CH) / Passo Gries (IT),21Z0000000002107,entry,kWh/d,,,411690013,2019-11-21 15:49,,Confirmed,no,,no,,
140,Physical Flow,day,2019-05-21 06:00,2019-05-22 06:00,21X-IT-A-A0A0A-7,Snam Rete Gas,Griespass (CH) / Passo Gries (IT),21Z0000000002107,entry,kWh/d,,,344796246,2019-11-21 15:49,,Confirmed,no,,no,,
141,Physical Flow,day,2019-05-22 06:00,2019-05-23 06:00,21X-IT-A-A0A0A-7,Snam Rete Gas,Griespass (CH) / Passo Gries (IT),21Z0000000002107,entry,kWh/d,,,409963395,2019-11-21 15:49,,Confirmed,no,,no,,
142,Physical Flow,day,2019-05-23 06:00,2019-05-24 06:00,21X-IT-A-A0A0A-7,Snam Rete Gas,Griespass (CH) / Passo Gries (IT),21Z0000000002107,entry,kWh/d,,,359475473,2019-11-21 15:49,,Confirmed,no,,no,,
143,Physical Flow,day,2019-05-24 06:00,2019-05-25 06:00,21X-IT-A-A0A0A-7,Snam Rete Gas,Griespass (CH) / Passo Gries (IT),21Z0000000002107,entry,kWh/d,,,387510332,2019-11-21 15:49,,Confirmed,no,,no,,
144,Physical Flow,day,2019-05-25 06:00,2019-05-26 06:00,21X-IT-A-A0A0A-7,Snam Rete Gas,Griespass (CH) / Passo Gries (IT),21Z0000000002107,entry,kWh/d,,,375285567,2019-11-21 15:49,,Confirmed,no,,no,,
145,Physical Flow,day,2019-05-26 06:00,2019-05-27 06:00,21X-IT-A-A0A0A-7,Snam Rete Gas,Griespass (CH) / Passo Gries (IT),21Z0000000002107,entry,kWh/d,,,415811642,2019-11-21 15:49,,Confirmed,no,,no,,
146,Physical Flow,day,2019-05-27 06:00,2019-05-28 06:00,21X-IT-A-A0A0A-7,Snam Rete Gas,Griespass (CH) / Passo Gries (IT),21Z0000000002107,entry,kWh/d,,,359004045,2019-11-21 15:49,,Confirmed,no,,no,,
147,Physical Flow,day,2019-05-28 06:00,2019-05-29 06:00,21X-IT-A-A0A0A-7,Snam Rete Gas,Griespass (CH) / Passo Gries (IT),21Z0000000002107,entry,kWh/d,,,354985271,2019-11-21 15:49,,Confirmed,no,,no,,
148,Physical Flow,day,2019-05-29 06:00,2019-05-30 06:00,21X-IT-A-A0A0A-7,Snam Rete Gas,Griespass (CH) / Passo Gries (IT),21Z0000000002107,entry,kWh/d,,,416727057,2019-11-21 15:49,,Confirmed,no,,no,,
149,Physical Flow,day,2019-05-30 06:00,2019-05-31 06:00,21X-IT-A-A0A0A-7,Snam Rete Gas,Griespass (CH) / Passo Gries (IT),21Z0000000002107,entry,kWh/d,,,433012264,2019-11-21 15:49,,Confirmed,no,,no,,
150,Physical Flow,day,2019-05-31 06:00,2019-06-01 06:00,21X-IT-A-A0A0A-7,Snam Rete Gas,Griespass (CH) / Passo Gries (IT),21Z0000000002107,entry,kWh/d,,,432833962,2019-11-21 15:49,,Confirmed,no,,no,,
151,Physical Flow,day,2019-06-01 06:00,2019-06-02 06:00,21X-IT-A-A0A0A-7,Snam Rete Gas,Griespass (CH) / Passo Gries (IT),21Z0000000002107,entry,kWh/d,,,410149364,2019-08-05 15:14,,Confirmed,no,,no,,
152,Physical Flow,day,2019-06-02 06:00,2019-06-03 06:00,21X-IT-A-A0A0A-7,Snam Rete Gas,Griespass (CH) / Passo Gries (IT),21Z0000000002107,entry,kWh/d,,,360964229,2019-08-05 15:14,,Confirmed,no,,no,,
153,Physical Flow,day,2019-06-03 06:00,2019-06-04 06:00,21X-IT-A-A0A0A-7,Snam Rete Gas,Griespass (CH) / Passo Gries (IT),21Z0000000002107,entry,kWh/d,,,148638482,2019-08-05 15:14,,Confirmed,no,,no,,
154,Physical Flow,day,2019-06-04 06:00,2019-06-05 06:00,21X-IT-A-A0A0A-7,Snam Rete Gas,Griespass (CH) / Passo Gries (IT),21Z0000000002107,entry,kWh/d,,,163449796,2019-08-05 15:14,,Confirmed,no,,no,,
155,Physical Flow,day,2019-06-05 06:00,2019-06-06 06:00,21X-IT-A-A0A0A-7,Snam Rete Gas,Griespass (CH) / Passo Gries (IT),21Z0000000002107,entry,kWh/d,,,300878045,2019-08-05 15:14,,Confirmed,no,,no,,
156,Physical Flow,day,2019-06-06 06:00,2019-06-07 06:00,21X-IT-A-A0A0A-7,Snam Rete Gas,Griespass (CH) / Passo Gries (IT),21Z0000000002107,entry,kWh/d,,,323385442,2019-08-05 15:14,,Confirmed,no,,no,,
157,Physical Flow,day,2019-06-07 06:00,2019-06-08 06:00,21X-IT-A-A0A0A-7,Snam Rete Gas,Griespass (CH) / Passo Gries (IT),21Z0000000002107,entry,kWh/d,,,345007594,2019-08-05 15:14,,Confirmed,no,,no,,
158,Physical Flow,day,2019-06-08 06:00,2019-06-09 06:00,21X-IT-A-A0A0A-7,Snam Rete Gas,Griespass (CH) / Passo Gries (IT),21Z0000000002107,entry,kWh/d,,,487172765,2019-08-05 15:14,,Confirmed,no,,no,,
159,Physical Flow,day,2019-06-09 06:00,2019-06-10 06:00,21X-IT-A-A0A0A-7,Snam Rete Gas,Griespass (CH) / Passo Gries (IT),21Z0000000002107,entry,kWh/d,,,475574860,2019-08-05 15:14,,Confirmed,no,,no,,
160,Physical Flow,day,2019-06-10 06:00,2019-06-11 06:00,21X-IT-A-A0A0A-7,Snam Rete Gas,Griespass (CH) / Passo Gries (IT),21Z0000000002107,entry,kWh/d,,,507194756,2019-08-05 15:14,,Confirmed,no,,no,,
161,Physical Flow,day,2019-06-11 06:00,2019-06-12 06:00,21X-IT-A-A0A0A-7,Snam Rete Gas,Griespass (CH) / Passo Gries (IT),21Z0000000002107,entry,kWh/d,,,519123250,2019-08-05 15:14,,Confirmed,no,,no,,
162,Physical Flow,day,2019-06-12 06:00,2019-06-13 06:00,21X-IT-A-A0A0A-7,Snam Rete Gas,Griespass (CH) / Passo Gries (IT),21Z0000000002107,entry,kWh/d,,,510966901,2019-08-05 15:14,,Confirmed,no,,no,,
163,Physical Flow,day,2019-06-13 06:00,2019-06-14 06:00,21X-IT-A-A0A0A-7,Snam Rete Gas,Griespass (CH) / Passo Gries (IT),21Z0000000002107,entry,kWh/d,,,524317996,2019-08-05 15:14,,Confirmed,no,,no,,
164,Physical Flow,day,2019-06-14 06:00,2019-06-15 06:00,21X-IT-A-A0A0A-7,Snam Rete Gas,Griespass (CH) / Passo Gries (IT),21Z0000000002107,entry,kWh/d,,,498818426,2019-08-05 15:14,,Confirmed,no,,no,,
165,Physical Flow,day,2019-06-15 06:00,2019-06-16 06:00,21X-IT-A-A0A0A-7,Snam Rete Gas,Griespass (CH) / Passo Gries (IT),21Z0000000002107,entry,kWh/d,,,515600496,2019-08-05 15:14,,Confirmed,no,,no,,
166,Physical Flow,day,2019-06-16 06:00,2019-06-17 06:00,21X-IT-A-A0A0A-7,Snam Rete Gas,Griespass (CH) / Passo Gries (IT),21Z0000000002107,entry,kWh/d,,,517949775,2019-08-05 15:14,,Confirmed,no,,no,,
167,Physical Flow,day,2019-06-17 06:00,2019-06-18 06:00,21X-IT-A-A0A0A-7,Snam Rete Gas,Griespass (CH) / Passo Gries (IT),21Z0000000002107,entry,kWh/d,,,496409636,2019-08-05 15:14,,Confirmed,no,,no,,
168,Physical Flow,day,2019-06-18 06:00,2019-06-19 06:00,21X-IT-A-A0A0A-7,Snam Rete Gas,Griespass (CH) / Passo Gries (IT),21Z0000000002107,entry,kWh/d,,,524264090,2019-08-05 15:14,,Confirmed,no,,no,,
169,Physical Flow,day,2019-06-19 06:00,2019-06-20 06:00,21X-IT-A-A0A0A-7,Snam Rete Gas,Griespass (CH) / Passo Gries (IT),21Z0000000002107,entry,kWh/d,,,532325119,2019-08-05 15:14,,Confirmed,no,,no,,
170,Physical Flow,day,2019-06-20 06:00,2019-06-21 06:00,21X-IT-A-A0A0A-7,Snam Rete Gas,Griespass (CH) / Passo Gries (IT),21Z0000000002107,entry,kWh/d,,,532729087,2019-08-05 15:14,,Confirmed,no,,no,,
171,Physical Flow,day,2019-06-21 06:00,2019-06-22 06:00,21X-IT-A-A0A0A-7,Snam Rete Gas,Griespass (CH) / Passo Gries (IT),21Z0000000002107,entry,kWh/d,,,529976522,2019-08-05 15:14,,Confirmed,no,,no,,
172,Physical Flow,day,2019-06-22 06:00,2019-06-23 06:00,21X-IT-A-A0A0A-7,Snam Rete Gas,Griespass (CH) / Passo Gries (IT),21Z0000000002107,entry,kWh/d,,,533888441,2019-08-05 15:14,,Confirmed,no,,no,,
173,Physical Flow,day,2019-06-23 06:00,2019-06-24 06:00,21X-IT-A-A0A0A-7,Snam Rete Gas,Griespass (CH) / Passo Gries (IT),21Z0000000002107,entry,kWh/d,,,532059929,2019-08-05 15:14,,Confirmed,no,,no,,
174,Physical Flow,day,2019-06-24 06:00,2019-06-25 06:00,21X-IT-A-A0A0A-7,Snam Rete Gas,Griespass (CH) / Passo Gries (IT),21Z0000000002107,entry,kWh/d,,,525434510,2019-08-05 15:14,,Confirmed,no,,no,,
175,Physical Flow,day,2019-06-25 06:00,2019-06-26 06:00,21X-IT-A-A0A0A-7,Snam Rete Gas,Griespass (CH) / Passo Gries (IT),21Z0000000002107,entry,kWh/d,,,540047465,2019-08-05 15:14,,Confirmed,no,,no,,
176,Physical Flow,day,2019-06-26 06:00,2019-06-27 06:00,21X-IT-A-A0A0A-7,Snam Rete Gas,Griespass (CH) / Passo Gries (IT),21Z0000000002107,entry,kWh/d,,,532724055,2019-08-05 15:14,,Confirmed,no,,no,,
177,Physical Flow,day,2019-06-27 06:00,2019-06-28 06:00,21X-IT-A-A0A0A-7,Snam Rete Gas,Griespass (CH) / Passo Gries (IT),21Z0000000002107,entry,kWh/d,,,536718904,2019-08-05 15:14,,Confirmed,no,,no,,
178,Physical Flow,day,2019-06-28 06:00,2019-06-29 06:00,21X-IT-A-A0A0A-7,Snam Rete Gas,Griespass (CH) / Passo Gries (IT),21Z0000000002107,entry,kWh/d,,,531739920,2019-08-05 15:14,,Confirmed,no,,no,,
179,Physical Flow,day,2019-06-29 06:00,2019-06-30 06:00,21X-IT-A-A0A0A-7,Snam Rete Gas,Griespass (CH) / Passo Gries (IT),21Z0000000002107,entry,kWh/d,,,515219859,2019-08-05 15:14,,Confirmed,no,,no,,
180,Physical Flow,day,2019-06-30 06:00,2019-07-01 06:00,21X-IT-A-A0A0A-7,Snam Rete Gas,Griespass (CH) / Passo Gries (IT),21Z0000000002107,entry,kWh/d,,,520941375,2019-08-05 15:14,,Confirmed,no,,no,,
181,Physical Flow,day,2019-07-01 06:00,2019-07-02 06:00,21X-IT-A-A0A0A-7,Snam Rete Gas,Griespass (CH) / Passo Gries (IT),21Z0000000002107,entry,kWh/d,,,546433805,2019-10-17 11:10,,Confirmed,no,,no,,
182,Physical Flow,day,2019-07-02 06:00,2019-07-03 06:00,21X-IT-A-A0A0A-7,Snam Rete Gas,Griespass (CH) / Passo Gries (IT),21Z0000000002107,entry,kWh/d,,,548936803,2019-10-17 11:10,,Confirmed,no,,no,,
183,Physical Flow,day,2019-07-03 06:00,2019-07-04 06:00,21X-IT-A-A0A0A-7,Snam Rete Gas,Griespass (CH) / Passo Gries (IT),21Z0000000002107,entry,kWh/d,,,546141014,2019-10-17 11:10,,Confirmed,no,,no,,
184,Physical Flow,day,2019-07-04 06:00,2019-07-05 06:00,21X-IT-A-A0A0A-7,Snam Rete Gas,Griespass (CH) / Passo Gries (IT),21Z0000000002107,entry,kWh/d,,,556479265,2019-10-17 11:10,,Confirmed,no,,no,,
185,Physical Flow,day,2019-07-05 06:00,2019-07-06 06:00,21X-IT-A-A0A0A-7,Snam Rete Gas,Griespass (CH) / Passo Gries (IT),21Z0000000002107,entry,kWh/d,,,553973048,2019-10-17 11:10,,Confirmed,no,,no,,
186,Physical Flow,day,2019-07-06 06:00,2019-07-07 06:00,21X-IT-A-A0A0A-7,Snam Rete Gas,Griespass (CH) / Passo Gries (IT),21Z0000000002107,entry,kWh/d,,,453034182,2019-10-17 11:10,,Confirmed,no,,no,,
187,Physical Flow,day,2019-07-07 06:00,2019-07-08 06:00,21X-IT-A-A0A0A-7,Snam Rete Gas,Griespass (CH) / Passo Gries (IT),21Z0000000002107,entry,kWh/d,,,412357076,2019-10-17 11:10,,Confirmed,no,,no,,
188,Physical Flow,day,2019-07-08 06:00,2019-07-09 06:00,21X-IT-A-A0A0A-7,Snam Rete Gas,Griespass (CH) / Passo Gries (IT),21Z0000000002107,entry,kWh/d,,,552977336,2019-10-17 11:10,,Confirmed,no,,no,,
189,Physical Flow,day,2019-07-09 06:00,2019-07-10 06:00,21X-IT-A-A0A0A-7,Snam Rete Gas,Griespass (CH) / Passo Gries (IT),21Z0000000002107,entry,kWh/d,,,552317309,2019-10-17 11:10,,Confirmed,no,,no,,
190,Physical Flow,day,2019-07-10 06:00,2019-07-11 06:00,21X-IT-A-A0A0A-7,Snam Rete Gas,Griespass (CH) / Passo Gries (IT),21Z0000000002107,entry,kWh/d,,,544492712,2019-10-17 11:10,,Confirmed,no,,no,,
191,Physical Flow,day,2019-07-11 06:00,2019-07-12 06:00,21X-IT-A-A0A0A-7,Snam Rete Gas,Griespass (CH) / Passo Gries (IT),21Z0000000002107,entry,kWh/d,,,546070865,2019-10-17 11:10,,Confirmed,no,,no,,
192,Physical Flow,day,2019-07-12 06:00,2019-07-13 06:00,21X-IT-A-A0A0A-7,Snam Rete Gas,Griespass (CH) / Passo Gries (IT),21Z0000000002107,entry,kWh/d,,,499948566,2019-10-17 11:10,,Confirmed,no,,no,,
193,Physical Flow,day,2019-07-13 06:00,2019-07-14 06:00,21X-IT-A-A0A0A-7,Snam Rete Gas,Griespass (CH) / Passo Gries (IT),21Z0000000002107,entry,kWh/d,,,299872730,2019-10-17 11:10,,Confirmed,no,,no,,
194,Physical Flow,day,2019-07-14 06:00,2019-07-15 06:00,21X-IT-A-A0A0A-7,Snam Rete Gas,Griespass (CH) / Passo Gries (IT),21Z0000000002107,entry,kWh/d,,,256929916,2019-10-17 11:10,,Confirmed,no,,no,,
195,Physical Flow,day,2019-07-15 06:00,2019-07-16 06:00,21X-IT-A-A0A0A-7,Snam Rete Gas,Griespass (CH) / Passo Gries (IT),21Z0000000002107,entry,kWh/d,,,503719129,2019-10-17 11:10,,Confirmed,no,,no,,
196,Physical Flow,day,2019-07-16 06:00,2019-07-17 06:00,21X-IT-A-A0A0A-7,Snam Rete Gas,Griespass (CH) / Passo Gries (IT),21Z0000000002107,entry,kWh/d,,,342348475,2019-10-17 11:10,,Confirmed,no,,no,,
197,Physical Flow,day,2019-07-17 06:00,2019-07-18 06:00,21X-IT-A-A0A0A-7,Snam Rete Gas,Griespass (CH) / Passo Gries (IT),21Z0000000002107,entry,kWh/d,,,399665940,2019-10-17 11:10,,Confirmed,no,,no,,
198,Physical Flow,day,2019-07-18 06:00,2019-07-19 06:00,21X-IT-A-A0A0A-7,Snam Rete Gas,Griespass (CH) / Passo Gries (IT),21Z0000000002107,entry,kWh/d,,,465241399,2019-10-17 11:10,,Confirmed,no,,no,,
199,Physical Flow,day,2019-07-19 06:00,2019-07-20 06:00,21X-IT-A-A0A0A-7,Snam Rete Gas,Griespass (CH) / Passo Gries (IT),21Z0000000002107,entry,kWh/d,,,391226049,2019-10-17 11:10,,Confirmed,no,,no,,
200,Physical Flow,day,2019-07-20 06:00,2019-07-21 06:00,21X-IT-A-A0A0A-7,Snam Rete Gas,Griespass (CH) / Passo Gries (IT),21Z0000000002107,entry,kWh/d,,,324319146,2019-10-17 11:10,,Confirmed,no,,no,,
201,Physical Flow,day,2019-07-21 06:00,2019-07-22 06:00,21X-IT-A-A0A0A-7,Snam Rete Gas,Griespass (CH) / Passo Gries (IT),21Z0000000002107,entry,kWh/d,,,375765386,2019-10-17 11:10,,Confirmed,no,,no,,
202,Physical Flow,day,2019-07-22 06:00,2019-07-23 06:00,21X-IT-A-A0A0A-7,Snam Rete Gas,Griespass (CH) / Passo Gries (IT),21Z0000000002107,entry,kWh/d,,,532030642,2019-10-17 11:10,,Confirmed,no,,no,,
203,Physical Flow,day,2019-07-23 06:00,2019-07-24 06:00,21X-IT-A-A0A0A-7,Snam Rete Gas,Griespass (CH) / Passo Gries (IT),21Z0000000002107,entry,kWh/d,,,528026416,2019-10-17 11:10,,Confirmed,no,,no,,
204,Physical Flow,day,2019-07-24 06:00,2019-07-25 06:00,21X-IT-A-A0A0A-7,Snam Rete Gas,Griespass (CH) / Passo Gries (IT),21Z0000000002107,entry,kWh/d,,,537869243,2019-10-17 11:10,,Confirmed,no,,no,,
205,Physical Flow,day,2019-07-25 06:00,2019-07-26 06:00,21X-IT-A-A0A0A-7,Snam Rete Gas,Griespass (CH) / Passo Gries (IT),21Z0000000002107,entry,kWh/d,,,537749760,2019-10-17 11:10,,Confirmed,no,,no,,
206,Physical Flow,day,2019-07-26 06:00,2019-07-27 06:00,21X-IT-A-A0A0A-7,Snam Rete Gas,Griespass (CH) / Passo Gries (IT),21Z0000000002107,entry,kWh/d,,,516282302,2019-10-17 11:10,,Confirmed,no,,no,,
207,Physical Flow,day,2019-07-27 06:00,2019-07-28 06:00,21X-IT-A-A0A0A-7,Snam Rete Gas,Griespass (CH) / Passo Gries (IT),21Z0000000002107,entry,kWh/d,,,390361823,2019-10-17 11:10,,Confirmed,no,,no,,
208,Physical Flow,day,2019-07-28 06:00,2019-07-29 06:00,21X-IT-A-A0A0A-7,Snam Rete Gas,Griespass (CH) / Passo Gries (IT),21Z0000000002107,entry,kWh/d,,,355804728,2019-10-17 11:10,,Confirmed,no,,no,,
209,Physical Flow,day,2019-07-29 06:00,2019-07-30 06:00,21X-IT-A-A0A0A-7,Snam Rete Gas,Griespass (CH) / Passo Gries (IT),21Z0000000002107,entry,kWh/d,,,539500071,2019-10-17 11:10,,Confirmed,no,,no,,
210,Physical Flow,day,2019-07-30 06:00,2019-07-31 06:00,21X-IT-A-A0A0A-7,Snam Rete Gas,Griespass (CH) / Passo Gries (IT),21Z0000000002107,entry,kWh/d,,,534154927,2019-10-17 11:10,,Confirmed,no,,no,,
211,Physical Flow,day,2019-07-31 06:00,2019-08-01 06:00,21X-IT-A-A0A0A-7,Snam Rete Gas,Griespass (CH) / Passo Gries (IT),21Z0000000002107,entry,kWh/d,,,534085317,2019-10-17 11:10,,Confirmed,no,,no,,
212,Physical Flow,day,2019-08-01 06:00,2019-08-02 06:00,21X-IT-A-A0A0A-7,Snam Rete Gas,Griespass (CH) / Passo Gries (IT),21Z0000000002107,entry,kWh/d,,,416081156,2019-10-11 11:04,,Confirmed,no,,no,,
213,Physical Flow,day,2019-08-02 06:00,2019-08-03 06:00,21X-IT-A-A0A0A-7,Snam Rete Gas,Griespass (CH) / Passo Gries (IT),21Z0000000002107,entry,kWh/d,,,412908087,2019-10-11 11:04,,Confirmed,no,,no,,
214,Physical Flow,day,2019-08-03 06:00,2019-08-04 06:00,21X-IT-A-A0A0A-7,Snam Rete Gas,Griespass (CH) / Passo Gries (IT),21Z0000000002107,entry,kWh/d,,,346680868,2019-10-11 11:04,,Confirmed,no,,no,,
215,Physical Flow,day,2019-08-04 06:00,2019-08-05 06:00,21X-IT-A-A0A0A-7,Snam Rete Gas,Griespass (CH) / Passo Gries (IT),21Z0000000002107,entry,kWh/d,,,333499041,2019-10-11 11:04,,Confirmed,no,,no,,
216,Physical Flow,day,2019-08-05 06:00,2019-08-06 06:00,21X-IT-A-A0A0A-7,Snam Rete Gas,Griespass (CH) / Passo Gries (IT),21Z0000000002107,entry,kWh/d,,,352487408,2019-10-11 11:04,,Confirmed,no,,no,,
217,Physical Flow,day,2019-08-06 06:00,2019-08-07 06:00,21X-IT-A-A0A0A-7,Snam Rete Gas,Griespass (CH) / Passo Gries (IT),21Z0000000002107,entry,kWh/d,,,379031063,2019-10-11 11:04,,Confirmed,no,,no,,
218,Physical Flow,day,2019-08-07 06:00,2019-08-08 06:00,21X-IT-A-A0A0A-7,Snam Rete Gas,Griespass (CH) / Passo Gries (IT),21Z0000000002107,entry,kWh/d,,,408022374,2019-10-11 11:04,,Confirmed,no,,no,,
219,Physical Flow,day,2019-08-08 06:00,2019-08-09 06:00,21X-IT-A-A0A0A-7,Snam Rete Gas,Griespass (CH) / Passo Gries (IT),21Z0000000002107,entry,kWh/d,,,409409381,2019-10-11 11:04,,Confirmed,no,,no,,
220,Physical Flow,day,2019-08-09 06:00,2019-08-10 06:00,21X-IT-A-A0A0A-7,Snam Rete Gas,Griespass (CH) / Passo Gries (IT),21Z0000000002107,entry,kWh/d,,,349706810,2019-10-11 11:04,,Confirmed,no,,no,,
221,Physical Flow,day,2019-08-10 06:00,2019-08-11 06:00,21X-IT-A-A0A0A-7,Snam Rete Gas,Griespass (CH) / Passo Gries (IT),21Z0000000002107,entry,kWh/d,,,271484038,2019-10-11 11:04,,Confirmed,no,,no,,
222,Physical Flow,day,2019-08-11 06:00,2019-08-12 06:00,21X-IT-A-A0A0A-7,Snam Rete Gas,Griespass (CH) / Passo Gries (IT),21Z0000000002107,entry,kWh/d,,,275657056,2019-10-11 11:04,,Confirmed,no,,no,,
223,Physical Flow,day,2019-08-12 06:00,2019-08-13 06:00,21X-IT-A-A0A0A-7,Snam Rete Gas,Griespass (CH) / Passo Gries (IT),21Z0000000002107,entry,kWh/d,,,316055463,2019-10-11 11:04,,Confirmed,no,,no,,
224,Physical Flow,day,2019-08-13 06:00,2019-08-14 06:00,21X-IT-A-A0A0A-7,Snam Rete Gas,Griespass (CH) / Passo Gries (IT),21Z0000000002107,entry,kWh/d,,,311388189,2019-10-11 11:04,,Confirmed,no,,no,,
225,Physical Flow,day,2019-08-14 06:00,2019-08-15 06:00,21X-IT-A-A0A0A-7,Snam Rete Gas,Griespass (CH) / Passo Gries (IT),21Z0000000002107,entry,kWh/d,,,165198294,2019-10-11 11:04,,Confirmed,no,,no,,
226,Physical Flow,day,2019-08-15 06:00,2019-08-16 06:00,21X-IT-A-A0A0A-7,Snam Rete Gas,Griespass (CH) / Passo Gries (IT),21Z0000000002107,entry,kWh/d,,,130526568,2019-10-11 11:04,,Confirmed,no,,no,,
227,Physical Flow,day,2019-08-16 06:00,2019-08-17 06:00,21X-IT-A-A0A0A-7,Snam Rete Gas,Griespass (CH) / Passo Gries (IT),21Z0000000002107,entry,kWh/d,,,234795831,2019-10-11 11:04,,Confirmed,no,,no,,
228,Physical Flow,day,2019-08-17 06:00,2019-08-18 06:00,21X-IT-A-A0A0A-7,Snam Rete Gas,Griespass (CH) / Passo Gries (IT),21Z0000000002107,entry,kWh/d,,,217256591,2019-10-11 11:04,,Confirmed,no,,no,,
229,Physical Flow,day,2019-08-18 06:00,2019-08-19 06:00,21X-IT-A-A0A0A-7,Snam Rete Gas,Griespass (CH) / Passo Gries (IT),21Z0000000002107,entry,kWh/d,,,258918122,2019-10-11 11:04,,Confirmed,no,,no,,
230,Physical Flow,day,2019-08-19 06:00,2019-08-20 06:00,21X-IT-A-A0A0A-7,Snam Rete Gas,Griespass (CH) / Passo Gries (IT),21Z0000000002107,entry,kWh/d,,,287952792,2019-10-11 11:04,,Confirmed,no,,no,,
231,Physical Flow,day,2019-08-20 06:00,2019-08-21 06:00,21X-IT-A-A0A0A-7,Snam Rete Gas,Griespass (CH) / Passo Gries (IT),21Z0000000002107,entry,kWh/d,,,290373313,2019-10-11 11:04,,Confirmed,no,,no,,
232,Physical Flow,day,2019-08-21 06:00,2019-08-22 06:00,21X-IT-A-A0A0A-7,Snam Rete Gas,Griespass (CH) / Passo Gries (IT),21Z0000000002107,entry,kWh/d,,,325031560,2019-10-11 11:04,,Confirmed,no,,no,,
233,Physical Flow,day,2019-08-22 06:00,2019-08-23 06:00,21X-IT-A-A0A0A-7,Snam Rete Gas,Griespass (CH) / Passo Gries (IT),21Z0000000002107,entry,kWh/d,,,317141122,2019-10-11 11:04,,Confirmed,no,,no,,
234,Physical Flow,day,2019-08-23 06:00,2019-08-24 06:00,21X-IT-A-A0A0A-7,Snam Rete Gas,Griespass (CH) / Passo Gries (IT),21Z0000000002107,entry,kWh/d,,,314840208,2019-10-11 11:04,,Confirmed,no,,no,,
235,Physical Flow,day,2019-08-24 06:00,2019-08-25 06:00,21X-IT-A-A0A0A-7,Snam Rete Gas,Griespass (CH) / Passo Gries (IT),21Z0000000002107,entry,kWh/d,,,308256106,2019-10-11 11:04,,Confirmed,no,,no,,
236,Physical Flow,day,2019-08-25 06:00,2019-08-26 06:00,21X-IT-A-A0A0A-7,Snam Rete Gas,Griespass (CH) / Passo Gries (IT),21Z0000000002107,entry,kWh/d,,,318004911,2019-10-11 11:04,,Confirmed,no,,no,,
237,Physical Flow,day,2019-08-26 06:00,2019-08-27 06:00,21X-IT-A-A0A0A-7,Snam Rete Gas,Griespass (CH) / Passo Gries (IT),21Z0000000002107,entry,kWh/d,,,314073769,2019-10-11 11:04,,Confirmed,no,,no,,
238,Physical Flow,day,2019-08-27 06:00,2019-08-28 06:00,21X-IT-A-A0A0A-7,Snam Rete Gas,Griespass (CH) / Passo Gries (IT),21Z0000000002107,entry,kWh/d,,,336187663,2019-10-11 11:04,,Confirmed,no,,no,,
239,Physical Flow,day,2019-08-28 06:00,2019-08-29 06:00,21X-IT-A-A0A0A-7,Snam Rete Gas,Griespass (CH) / Passo Gries (IT),21Z0000000002107,entry,kWh/d,,,384706670,2019-10-11 11:04,,Confirmed,no,,no,,
240,Physical Flow,day,2019-08-29 06:00,2019-08-30 06:00,21X-IT-A-A0A0A-7,Snam Rete Gas,Griespass (CH) / Passo Gries (IT),21Z0000000002107,entry,kWh/d,,,387583440,2019-10-11 11:04,,Confirmed,no,,no,,
241,Physical Flow,day,2019-08-30 06:00,2019-08-31 06:00,21X-IT-A-A0A0A-7,Snam Rete Gas,Griespass (CH) / Passo Gries (IT),21Z0000000002107,entry,kWh/d,,,422476135,2019-10-11 11:04,,Confirmed,no,,no,,
242,Physical Flow,day,2019-08-31 06:00,2019-09-01 06:00,21X-IT-A-A0A0A-7,Snam Rete Gas,Griespass (CH) / Passo Gries (IT),21Z0000000002107,entry,kWh/d,,,364524644,2019-10-11 11:04,,Confirmed,no,,no,,
243,Physical Flow,day,2019-09-01 06:00,2019-09-02 06:00,21X-IT-A-A0A0A-7,Snam Rete Gas,Griespass (CH) / Passo Gries (IT),21Z0000000002107,entry,kWh/d,,,261311385,2019-11-06 14:57,,Confirmed,no,,no,,
244,Physical Flow,day,2019-09-02 06:00,2019-09-03 06:00,21X-IT-A-A0A0A-7,Snam Rete Gas,Griespass (CH) / Passo Gries (IT),21Z0000000002107,entry,kWh/d,,,271401512,2019-11-06 14:57,,Confirmed,no,,no,,
245,Physical Flow,day,2019-09-03 06:00,2019-09-04 06:00,21X-IT-A-A0A0A-7,Snam Rete Gas,Griespass (CH) / Passo Gries (IT),21Z0000000002107,entry,kWh/d,,,267802333,2019-11-06 14:57,,Confirmed,no,,no,,
246,Physical Flow,day,2019-09-04 06:00,2019-09-05 06:00,21X-IT-A-A0A0A-7,Snam Rete Gas,Griespass (CH) / Passo Gries (IT),21Z0000000002107,entry,kWh/d,,,271288279,2019-11-06 14:57,,Confirmed,no,,no,,
247,Physical Flow,day,2019-09-05 06:00,2019-09-06 06:00,21X-IT-A-A0A0A-7,Snam Rete Gas,Griespass (CH) / Passo Gries (IT),21Z0000000002107,entry,kWh/d,,,283940184,2019-11-06 14:57,,Confirmed,no,,no,,
248,Physical Flow,day,2019-09-06 06:00,2019-09-07 06:00,21X-IT-A-A0A0A-7,Snam Rete Gas,Griespass (CH) / Passo Gries (IT),21Z0000000002107,entry,kWh/d,,,274975583,2019-11-06 14:57,,Confirmed,no,,no,,
249,Physical Flow,day,2019-09-07 06:00,2019-09-08 06:00,21X-IT-A-A0A0A-7,Snam Rete Gas,Griespass (CH) / Passo Gries (IT),21Z0000000002107,entry,kWh/d,,,160081229,2019-11-06 14:57,,Confirmed,no,,no,,
250,Physical Flow,day,2019-09-08 06:00,2019-09-09 06:00,21X-IT-A-A0A0A-7,Snam Rete Gas,Griespass (CH) / Passo Gries (IT),21Z0000000002107,entry,kWh/d,,,156340021,2019-11-06 14:57,,Confirmed,no,,no,,
251,Physical Flow,day,2019-09-09 06:00,2019-09-10 06:00,21X-IT-A-A0A0A-7,Snam Rete Gas,Griespass (CH) / Passo Gries (IT),21Z0000000002107,entry,kWh/d,,,140835154,2019-11-06 14:57,,Confirmed,no,,no,,
252,Physical Flow,day,2019-09-10 06:00,2019-09-11 06:00,21X-IT-A-A0A0A-7,Snam Rete Gas,Griespass (CH) / Passo Gries (IT),21Z0000000002107,entry,kWh/d,,,116330939,2019-11-06 14:57,,Confirmed,no,,no,,
253,Physical Flow,day,2019-09-11 06:00,2019-09-12 06:00,21X-IT-A-A0A0A-7,Snam Rete Gas,Griespass (CH) / Passo Gries (IT),21Z0000000002107,entry,kWh/d,,,114675881,2019-11-06 14:57,,Confirmed,no,,no,,
254,Physical Flow,day,2019-09-12 06:00,2019-09-13 06:00,21X-IT-A-A0A0A-7,Snam Rete Gas,Griespass (CH) / Passo Gries (IT),21Z0000000002107,entry,kWh/d,,,121928837,2019-11-06 14:57,,Confirmed,no,,no,,
255,Physical Flow,day,2019-09-13 06:00,2019-09-14 06:00,21X-IT-A-A0A0A-7,Snam Rete Gas,Griespass (CH) / Passo Gries (IT),21Z0000000002107,entry,kWh/d,,,92244601,2019-11-06 14:57,,Confirmed,no,,no,,
256,Physical Flow,day,2019-09-14 06:00,2019-09-15 06:00,21X-IT-A-A0A0A-7,Snam Rete Gas,Griespass (CH) / Passo Gries (IT),21Z0000000002107,entry,kWh/d,,,98561199,2019-11-06 14:57,,Confirmed,no,,no,,
257,Physical Flow,day,2019-09-15 06:00,2019-09-16 06:00,21X-IT-A-A0A0A-7,Snam Rete Gas,Griespass (CH) / Passo Gries (IT),21Z0000000002107,entry,kWh/d,,,118584180,2019-11-06 14:57,,Confirmed,no,,no,,
258,Physical Flow,day,2019-09-16 06:00,2019-09-17 06:00,21X-IT-A-A0A0A-7,Snam Rete Gas,Griespass (CH) / Passo Gries (IT),21Z0000000002107,entry,kWh/d,,,170938297,2019-11-06 14:57,,Confirmed,no,,no,,
259,Physical Flow,day,2019-09-17 06:00,2019-09-18 06:00,21X-IT-A-A0A0A-7,Snam Rete Gas,Griespass (CH) / Passo Gries (IT),21Z0000000002107,entry,kWh/d,,,172600657,2019-11-06 14:57,,Confirmed,no,,no,,
260,Physical Flow,day,2019-09-18 06:00,2019-09-19 06:00,21X-IT-A-A0A0A-7,Snam Rete Gas,Griespass (CH) / Passo Gries (IT),21Z0000000002107,entry,kWh/d,,,198261855,2019-11-06 14:57,,Confirmed,no,,no,,
261,Physical Flow,day,2019-09-19 06:00,2019-09-20 06:00,21X-IT-A-A0A0A-7,Snam Rete Gas,Griespass (CH) / Passo Gries (IT),21Z0000000002107,entry,kWh/d,,,245970394,2019-11-06 14:57,,Confirmed,no,,no,,
262,Physical Flow,day,2019-09-20 06:00,2019-09-21 06:00,21X-IT-A-A0A0A-7,Snam Rete Gas,Griespass (CH) / Passo Gries (IT),21Z0000000002107,entry,kWh/d,,,249386981,2019-11-06 14:57,,Confirmed,no,,no,,
263,Physical Flow,day,2019-09-21 06:00,2019-09-22 06:00,21X-IT-A-A0A0A-7,Snam Rete Gas,Griespass (CH) / Passo Gries (IT),21Z0000000002107,entry,kWh/d,,,206241789,2019-11-06 14:57,,Confirmed,no,,no,,
264,Physical Flow,day,2019-09-22 06:00,2019-09-23 06:00,21X-IT-A-A0A0A-7,Snam Rete Gas,Griespass (CH) / Passo Gries (IT),21Z0000000002107,entry,kWh/d,,,226939411,2019-11-06 14:57,,Confirmed,no,,no,,
265,Physical Flow,day,2019-09-23 06:00,2019-09-24 06:00,21X-IT-A-A0A0A-7,Snam Rete Gas,Griespass (CH) / Passo Gries (IT),21Z0000000002107,entry,kWh/d,,,259441452,2019-11-06 14:57,,Confirmed,no,,no,,
266,Physical Flow,day,2019-09-24 06:00,2019-09-25 06:00,21X-IT-A-A0A0A-7,Snam Rete Gas,Griespass (CH) / Passo Gries (IT),21Z0000000002107,entry,kWh/d,,,264568102,2019-11-06 14:57,,Confirmed,no,,no,,
267,Physical Flow,day,2019-09-25 06:00,2019-09-26 06:00,21X-IT-A-A0A0A-7,Snam Rete Gas,Griespass (CH) / Passo Gries (IT),21Z0000000002107,entry,kWh/d,,,226705177,2019-11-06 14:57,,Confirmed,no,,no,,
268,Physical Flow,day,2019-09-26 06:00,2019-09-27 06:00,21X-IT-A-A0A0A-7,Snam Rete Gas,Griespass (CH) / Passo Gries (IT),21Z0000000002107,entry,kWh/d,,,261273055,2019-11-06 14:57,,Confirmed,no,,no,,
269,Physical Flow,day,2019-09-27 06:00,2019-09-28 06:00,21X-IT-A-A0A0A-7,Snam Rete Gas,Griespass (CH) / Passo Gries (IT),21Z0000000002107,entry,kWh/d,,,267580472,2019-11-06 14:57,,Confirmed,no,,no,,
270,Physical Flow,day,2019-09-28 06:00,2019-09-29 06:00,21X-IT-A-A0A0A-7,Snam Rete Gas,Griespass (CH) / Passo Gries (IT),21Z0000000002107,entry,kWh/d,,,289464391,2019-11-06 14:57,,Confirmed,no,,no,,
271,Physical Flow,day,2019-09-29 06:00,2019-09-30 06:00,21X-IT-A-A0A0A-7,Snam Rete Gas,Griespass (CH) / Passo Gries (IT),21Z0000000002107,entry,kWh/d,,,245262494,2019-11-06 14:57,,Confirmed,no,,no,,
272,Physical Flow,day,2019-09-30 06:00,2019-10-01 06:00,21X-IT-A-A0A0A-7,Snam Rete Gas,Griespass (CH) / Passo Gries (IT),21Z0000000002107,entry,kWh/d,,,303277143,2019-11-06 14:57,,Confirmed,no,,no,,
273,Physical Flow,day,2019-10-01 06:00,2019-10-02 06:00,21X-IT-A-A0A0A-7,Snam Rete Gas,Griespass (CH) / Passo Gries (IT),21Z0000000002107,entry,kWh/d,,,190073457,2019-12-11 18:41,,Confirmed,no,,no,,
274,Physical Flow,day,2019-10-02 06:00,2019-10-03 06:00,21X-IT-A-A0A0A-7,Snam Rete Gas,Griespass (CH) / Passo Gries (IT),21Z0000000002107,entry,kWh/d,,,211554260,2019-12-11 18:41,,Confirmed,no,,no,,
275,Physical Flow,day,2019-10-03 06:00,2019-10-04 06:00,21X-IT-A-A0A0A-7,Snam Rete Gas,Griespass (CH) / Passo Gries (IT),21Z0000000002107,entry,kWh/d,,,270432190,2019-12-11 18:41,,Confirmed,no,,no,,
276,Physical Flow,day,2019-10-04 06:00,2019-10-05 06:00,21X-IT-A-A0A0A-7,Snam Rete Gas,Griespass (CH) / Passo Gries (IT),21Z0000000002107,entry,kWh/d,,,483559207,2019-12-11 18:41,,Confirmed,no,,no,,
277,Physical Flow,day,2019-10-05 06:00,2019-10-06 06:00,21X-IT-A-A0A0A-7,Snam Rete Gas,Griespass (CH) / Passo Gries (IT),21Z0000000002107,entry,kWh/d,,,325853352,2019-12-11 18:41,,Confirmed,no,,no,,
278,Physical Flow,day,2019-10-06 06:00,2019-10-07 06:00,21X-IT-A-A0A0A-7,Snam Rete Gas,Griespass (CH) / Passo Gries (IT),21Z0000000002107,entry,kWh/d,,,240801164,2019-12-11 18:41,,Confirmed,no,,no,,
279,Physical Flow,day,2019-10-07 06:00,2019-10-08 06:00,21X-IT-A-A0A0A-7,Snam Rete Gas,Griespass (CH) / Passo Gries (IT),21Z0000000002107,entry,kWh/d,,,500859763,2019-12-11 18:41,,Confirmed,no,,no,,
280,Physical Flow,day,2019-10-08 06:00,2019-10-09 06:00,21X-IT-A-A0A0A-7,Snam Rete Gas,Griespass (CH) / Passo Gries (IT),21Z0000000002107,entry,kWh/d,,,497964940,2019-12-11 18:41,,Confirmed,no,,no,,
281,Physical Flow,day,2019-10-09 06:00,2019-10-10 06:00,21X-IT-A-A0A0A-7,Snam Rete Gas,Griespass (CH) / Passo Gries (IT),21Z0000000002107,entry,kWh/d,,,510978024,2019-12-11 18:41,,Confirmed,no,,no,,
282,Physical Flow,day,2019-10-10 06:00,2019-10-11 06:00,21X-IT-A-A0A0A-7,Snam Rete Gas,Griespass (CH) / Passo Gries (IT),21Z0000000002107,entry,kWh/d,,,515807350,2019-12-11 18:41,,Confirmed,no,,no,,
283,Physical Flow,day,2019-10-11 06:00,2019-10-12 06:00,21X-IT-A-A0A0A-7,Snam Rete Gas,Griespass (CH) / Passo Gries (IT),21Z0000000002107,entry,kWh/d,,,498196816,2019-12-11 18:41,,Confirmed,no,,no,,
284,Physical Flow,day,2019-10-12 06:00,2019-10-13 06:00,21X-IT-A-A0A0A-7,Snam Rete Gas,Griespass (CH) / Passo Gries (IT),21Z0000000002107,entry,kWh/d,,,243749880,2019-12-11 18:41,,Confirmed,no,,no,,
285,Physical Flow,day,2019-10-13 06:00,2019-10-14 06:00,21X-IT-A-A0A0A-7,Snam Rete Gas,Griespass (CH) / Passo Gries (IT),21Z0000000002107,entry,kWh/d,,,106869802,2019-12-11 18:41,,Confirmed,no,,no,,
286,Physical Flow,day,2019-10-14 06:00,2019-10-15 06:00,21X-IT-A-A0A0A-7,Snam Rete Gas,Griespass (CH) / Passo Gries (IT),21Z0000000002107,entry,kWh/d,,,502828771,2019-12-11 18:41,,Confirmed,no,,no,,
287,Physical Flow,day,2019-10-15 06:00,2019-10-16 06:00,21X-IT-A-A0A0A-7,Snam Rete Gas,Griespass (CH) / Passo Gries (IT),21Z0000000002107,entry,kWh/d,,,417839442,2019-12-11 18:41,,Confirmed,no,,no,,
288,Physical Flow,day,2019-10-16 06:00,2019-10-17 06:00,21X-IT-A-A0A0A-7,Snam Rete Gas,Griespass (CH) / Passo Gries (IT),21Z0000000002107,entry,kWh/d,,,419297950,2019-12-11 18:41,,Confirmed,no,,no,,
289,Physical Flow,day,2019-10-17 06:00,2019-10-18 06:00,21X-IT-A-A0A0A-7,Snam Rete Gas,Griespass (CH) / Passo Gries (IT),21Z0000000002107,entry,kWh/d,,,427988079,2019-12-11 18:41,,Confirmed,no,,no,,
290,Physical Flow,day,2019-10-18 06:00,2019-10-19 06:00,21X-IT-A-A0A0A-7,Snam Rete Gas,Griespass (CH) / Passo Gries (IT),21Z0000000002107,entry,kWh/d,,,514163387,2019-12-11 18:41,,Confirmed,no,,no,,
291,Physical Flow,day,2019-10-19 06:00,2019-10-20 06:00,21X-IT-A-A0A0A-7,Snam Rete Gas,Griespass (CH) / Passo Gries (IT),21Z0000000002107,entry,kWh/d,,,395207707,2019-12-11 18:41,,Confirmed,no,,no,,
292,Physical Flow,day,2019-10-20 06:00,2019-10-21 06:00,21X-IT-A-A0A0A-7,Snam Rete Gas,Griespass (CH) / Passo Gries (IT),21Z0000000002107,entry,kWh/d,,,386210057,2019-12-11 18:41,,Confirmed,no,,no,,
293,Physical Flow,day,2019-10-21 06:00,2019-10-22 06:00,21X-IT-A-A0A0A-7,Snam Rete Gas,Griespass (CH) / Passo Gries (IT),21Z0000000002107,entry,kWh/d,,,516091251,2019-12-11 18:41,,Confirmed,no,,no,,
294,Physical Flow,day,2019-10-22 06:00,2019-10-23 06:00,21X-IT-A-A0A0A-7,Snam Rete Gas,Griespass (CH) / Passo Gries (IT),21Z0000000002107,entry,kWh/d,,,508639216,2019-12-11 18:41,,Confirmed,no,,no,,
295,Physical Flow,day,2019-10-23 06:00,2019-10-24 06:00,21X-IT-A-A0A0A-7,Snam Rete Gas,Griespass (CH) / Passo Gries (IT),21Z0000000002107,entry,kWh/d,,,497417140,2019-12-11 18:41,,Confirmed,no,,no,,
296,Physical Flow,day,2019-10-24 06:00,2019-10-25 06:00,21X-IT-A-A0A0A-7,Snam Rete Gas,Griespass (CH) / Passo Gries (IT),21Z0000000002107,entry,kWh/d,,,473798765,2019-12-11 18:41,,Confirmed,no,,no,,
297,Physical Flow,day,2019-10-25 06:00,2019-10-26 06:00,21X-IT-A-A0A0A-7,Snam Rete Gas,Griespass (CH) / Passo Gries (IT),21Z0000000002107,entry,kWh/d,,,447733549,2019-12-11 18:41,,Confirmed,no,,no,,
298,Physical Flow,day,2019-10-26 06:00,2019-10-27 05:00,21X-IT-A-A0A0A-7,Snam Rete Gas,Griespass (CH) / Passo Gries (IT),21Z0000000002107,entry,kWh/d,,,325673354,2019-12-11 18:41,,Confirmed,no,,no,,
299,Physical Flow,day,2019-10-27 06:00,2019-10-28 07:00,21X-IT-A-A0A0A-7,Snam Rete Gas,Griespass (CH) / Passo Gries (IT),21Z0000000002107,entry,kWh/d,,,318706964,2019-12-11 18:41,,Confirmed,no,,no,,
300,Physical Flow,day,2019-10-28 06:00,2019-10-29 06:00,21X-IT-A-A0A0A-7,Snam Rete Gas,Griespass (CH) / Passo Gries (IT),21Z0000000002107,entry,kWh/d,,,401146864,2019-12-11 18:41,,Confirmed,no,,no,,
301,Physical Flow,day,2019-10-29 06:00,2019-10-30 06:00,21X-IT-A-A0A0A-7,Snam Rete Gas,Griespass (CH) / Passo Gries (IT),21Z0000000002107,entry,kWh/d,,,404564411,2019-12-11 18:41,,Confirmed,no,,no,,
302,Physical Flow,day,2019-10-30 06:00,2019-10-31 06:00,21X-IT-A-A0A0A-7,Snam Rete Gas,Griespass (CH) / Passo Gries (IT),21Z0000000002107,entry,kWh/d,,,413665337,2019-12-11 18:41,,Confirmed,no,,no,,
303,Physical Flow,day,2019-10-31 06:00,2019-11-01 06:00,21X-IT-A-A0A0A-7,Snam Rete Gas,Griespass (CH) / Passo Gries (IT),21Z0000000002107,entry,kWh/d,,,424970182,2019-12-11 18:41,,Confirmed,no,,no,,
304,Physical Flow,day,2019-11-01 06:00,2019-11-02 06:00,21X-IT-A-A0A0A-7,Snam Rete Gas,Griespass (CH) / Passo Gries (IT),21Z0000000002107,entry,kWh/d,,,306486887,2020-01-09 12:23,,Confirmed,no,,no,,
305,Physical Flow,day,2019-11-02 06:00,2019-11-03 06:00,21X-IT-A-A0A0A-7,Snam Rete Gas,Griespass (CH) / Passo Gries (IT),21Z0000000002107,entry,kWh/d,,,282604774,2020-01-09 12:23,,Confirmed,no,,no,,
306,Physical Flow,day,2019-11-03 06:00,2019-11-04 06:00,21X-IT-A-A0A0A-7,Snam Rete Gas,Griespass (CH) / Passo Gries (IT),21Z0000000002107,entry,kWh/d,,,255982005,2020-01-09 12:23,,Confirmed,no,,no,,
307,Physical Flow,day,2019-11-04 06:00,2019-11-05 06:00,21X-IT-A-A0A0A-7,Snam Rete Gas,Griespass (CH) / Passo Gries (IT),21Z0000000002107,entry,kWh/d,,,356549822,2020-01-09 12:23,,Confirmed,no,,no,,
308,Physical Flow,day,2019-11-05 06:00,2019-11-06 06:00,21X-IT-A-A0A0A-7,Snam Rete Gas,Griespass (CH) / Passo Gries (IT),21Z0000000002107,entry,kWh/d,,,349275056,2020-01-09 12:23,,Confirmed,no,,no,,
309,Physical Flow,day,2019-11-06 06:00,2019-11-07 06:00,21X-IT-A-A0A0A-7,Snam Rete Gas,Griespass (CH) / Passo Gries (IT),21Z0000000002107,entry,kWh/d,,,377895597,2020-01-09 12:23,,Confirmed,no,,no,,
310,Physical Flow,day,2019-11-07 06:00,2019-11-08 06:00,21X-IT-A-A0A0A-7,Snam Rete Gas,Griespass (CH) / Passo Gries (IT),21Z0000000002107,entry,kWh/d,,,382166054,2020-01-09 12:23,,Confirmed,no,,no,,
311,Physical Flow,day,2019-11-08 06:00,2019-11-09 06:00,21X-IT-A-A0A0A-7,Snam Rete Gas,Griespass (CH) / Passo Gries (IT),21Z0000000002107,entry,kWh/d,,,400295574,2020-01-09 12:23,,Confirmed,no,,no,,
312,Physical Flow,day,2019-11-09 06:00,2019-11-10 06:00,21X-IT-A-A0A0A-7,Snam Rete Gas,Griespass (CH) / Passo Gries (IT),21Z0000000002107,entry,kWh/d,,,191341356,2020-01-09 12:23,,Confirmed,no,,no,,
313,Physical Flow,day,2019-11-10 06:00,2019-11-11 06:00,21X-IT-A-A0A0A-7,Snam Rete Gas,Griespass (CH) / Passo Gries (IT),21Z0000000002107,entry,kWh/d,,,195141212,2020-01-09 12:23,,Confirmed,no,,no,,
314,Physical Flow,day,2019-11-11 06:00,2019-11-12 06:00,21X-IT-A-A0A0A-7,Snam Rete Gas,Griespass (CH) / Passo Gries (IT),21Z0000000002107,entry,kWh/d,,,286835296,2020-01-09 12:23,,Confirmed,no,,no,,
315,Physical Flow,day,2019-11-12 06:00,2019-11-13 06:00,21X-IT-A-A0A0A-7,Snam Rete Gas,Griespass (CH) / Passo Gries (IT),21Z0000000002107,entry,kWh/d,,,97868893,2020-01-09 12:23,,Confirmed,no,,no,,
316,Physical Flow,day,2019-11-13 06:00,2019-11-14 06:00,21X-IT-A-A0A0A-7,Snam Rete Gas,Griespass (CH) / Passo Gries (IT),21Z0000000002107,entry,kWh/d,,,91360932,2020-01-09 12:23,,Confirmed,no,,no,,
317,Physical Flow,day,2019-11-14 06:00,2019-11-15 06:00,21X-IT-A-A0A0A-7,Snam Rete Gas,Griespass (CH) / Passo Gries (IT),21Z0000000002107,entry,kWh/d,,,135461789,2020-01-09 12:23,,Confirmed,no,,no,,
318,Physical Flow,day,2019-11-15 06:00,2019-11-16 06:00,21X-IT-A-A0A0A-7,Snam Rete Gas,Griespass (CH) / Passo Gries (IT),21Z0000000002107,entry,kWh/d,,,88573287,2020-01-09 12:23,,Confirmed,no,,no,,
319,Physical Flow,day,2019-11-16 06:00,2019-11-17 06:00,21X-IT-A-A0A0A-7,Snam Rete Gas,Griespass (CH) / Passo Gries (IT),21Z0000000002107,entry,kWh/d,,,89741164,2020-01-09 12:23,,Confirmed,no,,no,,
320,Physical Flow,day,2019-11-17 06:00,2019-11-18 06:00,21X-IT-A-A0A0A-7,Snam Rete Gas,Griespass (CH) / Passo Gries (IT),21Z0000000002107,entry,kWh/d,,,90978368,2020-01-09 12:23,,Confirmed,no,,no,,
321,Physical Flow,day,2019-11-18 06:00,2019-11-19 06:00,21X-IT-A-A0A0A-7,Snam Rete Gas,Griespass (CH) / Passo Gries (IT),21Z0000000002107,entry,kWh/d,,,94644063,2020-01-09 12:23,,Confirmed,no,,no,,
322,Physical Flow,day,2019-11-19 06:00,2019-11-20 06:00,21X-IT-A-A0A0A-7,Snam Rete Gas,Griespass (CH) / Passo Gries (IT),21Z0000000002107,entry,kWh/d,,,110506529,2020-01-09 12:23,,Confirmed,no,,no,,
323,Physical Flow,day,2019-11-20 06:00,2019-11-21 06:00,21X-IT-A-A0A0A-7,Snam Rete Gas,Griespass (CH) / Passo Gries (IT),21Z0000000002107,entry,kWh/d,,,84237637,2020-01-09 12:23,,Confirmed,no,,no,,
324,Physical Flow,day,2019-11-21 06:00,2019-11-22 06:00,21X-IT-A-A0A0A-7,Snam Rete Gas,Griespass (CH) / Passo Gries (IT),21Z0000000002107,entry,kWh/d,,,81219042,2020-01-09 12:23,,Confirmed,no,,no,,
325,Physical Flow,day,2019-11-22 06:00,2019-11-23 06:00,21X-IT-A-A0A0A-7,Snam Rete Gas,Griespass (CH) / Passo Gries (IT),21Z0000000002107,entry,kWh/d,,,48015226,2020-01-09 12:23,,Confirmed,no,,no,,
326,Physical Flow,day,2019-11-23 06:00,2019-11-24 06:00,21X-IT-A-A0A0A-7,Snam Rete Gas,Griespass (CH) / Passo Gries (IT),21Z0000000002107,entry,kWh/d,,,50328502,2020-01-09 12:23,,Confirmed,no,,no,,
327,Physical Flow,day,2019-11-24 06:00,2019-11-25 06:00,21X-IT-A-A0A0A-7,Snam Rete Gas,Griespass (CH) / Passo Gries (IT),21Z0000000002107,entry,kWh/d,,,46603081,2020-01-09 12:23,,Confirmed,no,,no,,
328,Physical Flow,day,2019-11-25 06:00,2019-11-26 06:00,21X-IT-A-A0A0A-7,Snam Rete Gas,Griespass (CH) / Passo Gries (IT),21Z0000000002107,entry,kWh/d,,,46278590,2020-01-09 12:23,,Confirmed,no,,no,,
329,Physical Flow,day,2019-11-26 06:00,2019-11-27 06:00,21X-IT-A-A0A0A-7,Snam Rete Gas,Griespass (CH) / Passo Gries (IT),21Z0000000002107,entry,kWh/d,,,52136175,2020-01-09 12:23,,Confirmed,no,,no,,
330,Physical Flow,day,2019-11-27 06:00,2019-11-28 06:00,21X-IT-A-A0A0A-7,Snam Rete Gas,Griespass (CH) / Passo Gries (IT),21Z0000000002107,entry,kWh/d,,,84423532,2020-01-09 12:23,,Confirmed,no,,no,,
331,Physical Flow,day,2019-11-28 06:00,2019-11-29 06:00,21X-IT-A-A0A0A-7,Snam Rete Gas,Griespass (CH) / Passo Gries (IT),21Z0000000002107,entry,kWh/d,,,48266372,2020-01-09 12:23,,Confirmed,no,,no,,
332,Physical Flow,day,2019-11-29 06:00,2019-11-30 06:00,21X-IT-A-A0A0A-7,Snam Rete Gas,Griespass (CH) / Passo Gries (IT),21Z0000000002107,entry,kWh/d,,,40088529,2020-01-09 12:23,,Confirmed,no,,no,,
333,Physical Flow,day,2019-11-30 06:00,2019-12-01 06:00,21X-IT-A-A0A0A-7,Snam Rete Gas,Griespass (CH) / Passo Gries (IT),21Z0000000002107,entry,kWh/d,,,32593978,2020-01-30 10:29,,Provisional,no,,no,,
334,Physical Flow,day,2019-12-01 06:00,2019-12-02 06:00,21X-IT-A-A0A0A-7,Snam Rete Gas,Griespass (CH) / Passo Gries (IT),21Z0000000002107,entry,kWh/d,,,11547082,2020-02-04 13:21,,Confirmed,no,,no,,
335,Physical Flow,day,2019-12-02 06:00,2019-12-03 06:00,21X-IT-A-A0A0A-7,Snam Rete Gas,Griespass (CH) / Passo Gries (IT),21Z0000000002107,entry,kWh/d,,,17922832,2020-02-04 13:21,,Confirmed,no,,no,,
336,Physical Flow,day,2019-12-03 06:00,2019-12-04 06:00,21X-IT-A-A0A0A-7,Snam Rete Gas,Griespass (CH) / Passo Gries (IT),21Z0000000002107,entry,kWh/d,,,20415308,2020-02-04 13:21,,Confirmed,no,,no,,
337,Physical Flow,day,2019-12-04 06:00,2019-12-05 06:00,21X-IT-A-A0A0A-7,Snam Rete Gas,Griespass (CH) / Passo Gries (IT),21Z0000000002107,entry,kWh/d,,,17049790,2020-02-04 13:21,,Confirmed,no,,no,,
338,Physical Flow,day,2019-12-05 06:00,2019-12-06 06:00,21X-IT-A-A0A0A-7,Snam Rete Gas,Griespass (CH) / Passo Gries (IT),21Z0000000002107,entry,kWh/d,,,127454403,2020-02-04 13:21,,Confirmed,no,,no,,
339,Physical Flow,day,2019-12-06 06:00,2019-12-07 06:00,21X-IT-A-A0A0A-7,Snam Rete Gas,Griespass (CH) / Passo Gries (IT),21Z0000000002107,entry,kWh/d,,,204077736,2020-02-04 13:21,,Confirmed,no,,no,,
340,Physical Flow,day,2019-12-07 06:00,2019-12-08 06:00,21X-IT-A-A0A0A-7,Snam Rete Gas,Griespass (CH) / Passo Gries (IT),21Z0000000002107,entry,kWh/d,,,66719157,2020-02-04 13:21,,Confirmed,no,,no,,
341,Physical Flow,day,2019-12-08 06:00,2019-12-09 06:00,21X-IT-A-A0A0A-7,Snam Rete Gas,Griespass (CH) / Passo Gries (IT),21Z0000000002107,entry,kWh/d,,,87297278,2020-02-04 13:21,,Confirmed,no,,no,,
342,Physical Flow,day,2019-12-09 06:00,2019-12-10 06:00,21X-IT-A-A0A0A-7,Snam Rete Gas,Griespass (CH) / Passo Gries (IT),21Z0000000002107,entry,kWh/d,,,57477539,2020-02-04 13:21,,Confirmed,no,,no,,
343,Physical Flow,day,2019-12-10 06:00,2019-12-11 06:00,21X-IT-A-A0A0A-7,Snam Rete Gas,Griespass (CH) / Passo Gries (IT),21Z0000000002107,entry,kWh/d,,,75347634,2020-02-04 13:21,,Confirmed,no,,no,,
344,Physical Flow,day,2019-12-11 06:00,2019-12-12 06:00,21X-IT-A-A0A0A-7,Snam Rete Gas,Griespass (CH) / Passo Gries (IT),21Z0000000002107,entry,kWh/d,,,275338640,2020-02-04 13:21,,Confirmed,no,,no,,
345,Physical Flow,day,2019-12-12 06:00,2019-12-13 06:00,21X-IT-A-A0A0A-7,Snam Rete Gas,Griespass (CH) / Passo Gries (IT),21Z0000000002107,entry,kWh/d,,,361929920,2020-02-04 13:21,,Confirmed,no,,no,,
346,Physical Flow,day,2019-12-13 06:00,2019-12-14 06:00,21X-IT-A-A0A0A-7,Snam Rete Gas,Griespass (CH) / Passo Gries (IT),21Z0000000002107,entry,kWh/d,,,328624502,2020-02-04 13:21,,Confirmed,no,,no,,
347,Physical Flow,day,2019-12-14 06:00,2019-12-15 06:00,21X-IT-A-A0A0A-7,Snam Rete Gas,Griespass (CH) / Passo Gries (IT),21Z0000000002107,entry,kWh/d,,,275708294,2020-02-04 13:21,,Confirmed,no,,no,,
348,Physical Flow,day,2019-12-15 06:00,2019-12-16 06:00,21X-IT-A-A0A0A-7,Snam Rete Gas,Griespass (CH) / Passo Gries (IT),21Z0000000002107,entry,kWh/d,,,299916673,2020-02-04 13:21,,Confirmed,no,,no,,
349,Physical Flow,day,2019-12-16 06:00,2019-12-17 06:00,21X-IT-A-A0A0A-7,Snam Rete Gas,Griespass (CH) / Passo Gries (IT),21Z0000000002107,entry,kWh/d,,,296160622,2020-02-04 13:21,,Confirmed,no,,no,,
350,Physical Flow,day,2019-12-17 06:00,2019-12-18 06:00,21X-IT-A-A0A0A-7,Snam Rete Gas,Griespass (CH) / Passo Gries (IT),21Z0000000002107,entry,kWh/d,,,287918482,2020-02-04 13:21,,Confirmed,no,,no,,
351,Physical Flow,day,2019-12-18 06:00,2019-12-19 06:00,21X-IT-A-A0A0A-7,Snam Rete Gas,Griespass (CH) / Passo Gries (IT),21Z0000000002107,entry,kWh/d,,,278026124,2020-02-04 13:21,,Confirmed,no,,no,,
352,Physical Flow,day,2019-12-19 06:00,2019-12-20 06:00,21X-IT-A-A0A0A-7,Snam Rete Gas,Griespass (CH) / Passo Gries (IT),21Z0000000002107,entry,kWh/d,,,211950080,2020-02-04 13:21,,Confirmed,no,,no,,
353,Physical Flow,day,2019-12-20 06:00,2019-12-21 06:00,21X-IT-A-A0A0A-7,Snam Rete Gas,Griespass (CH) / Passo Gries (IT),21Z0000000002107,entry,kWh/d,,,114955259,2020-02-04 13:21,,Confirmed,no,,no,,
354,Physical Flow,day,2019-12-21 06:00,2019-12-22 06:00,21X-IT-A-A0A0A-7,Snam Rete Gas,Griespass (CH) / Passo Gries (IT),21Z0000000002107,entry,kWh/d,,,80379718,2020-02-04 13:21,,Confirmed,no,,no,,
355,Physical Flow,day,2019-12-22 06:00,2019-12-23 06:00,21X-IT-A-A0A0A-7,Snam Rete Gas,Griespass (CH) / Passo Gries (IT),21Z0000000002107,entry,kWh/d,,,81422575,2020-02-04 13:21,,Confirmed,no,,no,,
356,Physical Flow,day,2019-12-23 06:00,2019-12-24 06:00,21X-IT-A-A0A0A-7,Snam Rete Gas,Griespass (CH) / Passo Gries (IT),21Z0000000002107,entry,kWh/d,,,109856389,2020-02-04 13:21,,Confirmed,no,,no,,
357,Physical Flow,day,2019-12-24 06:00,2019-12-25 06:00,21X-IT-A-A0A0A-7,Snam Rete Gas,Griespass (CH) / Passo Gries (IT),21Z0000000002107,entry,kWh/d,,,72230795,2020-02-04 13:21,,Confirmed,no,,no,,
358,Physical Flow,day,2019-12-25 06:00,2019-12-26 06:00,21X-IT-A-A0A0A-7,Snam Rete Gas,Griespass (CH) / Passo Gries (IT),21Z0000000002107,entry,kWh/d,,,108750388,2020-02-04 13:21,,Confirmed,no,,no,,
359,Physical Flow,day,2019-12-26 06:00,2019-12-27 06:00,21X-IT-A-A0A0A-7,Snam Rete Gas,Griespass (CH) / Passo Gries (IT),21Z0000000002107,entry,kWh/d,,,97550355,2020-02-04 13:21,,Confirmed,no,,no,,
360,Physical Flow,day,2019-12-27 06:00,2019-12-28 06:00,21X-IT-A-A0A0A-7,Snam Rete Gas,Griespass (CH) / Passo Gries (IT),21Z0000000002107,entry,kWh/d,,,134343088,2020-02-04 13:21,,Confirmed,no,,no,,
361,Physical Flow,day,2019-12-28 06:00,2019-12-29 06:00,21X-IT-A-A0A0A-7,Snam Rete Gas,Griespass (CH) / Passo Gries (IT),21Z0000000002107,entry,kWh/d,,,126834435,2020-02-04 13:21,,Confirmed,no,,no,,
362,Physical Flow,day,2019-12-29 06:00,2019-12-30 06:00,21X-IT-A-A0A0A-7,Snam Rete Gas,Griespass (CH) / Passo Gries (IT),21Z0000000002107,entry,kWh/d,,,126134730,2020-02-04 13:21,,Confirmed,no,,no,,
363,Physical Flow,day,2019-12-30 06:00,2019-12-31 06:00,21X-IT-A-A0A0A-7,Snam Rete Gas,Griespass (CH) / Passo Gries (IT),21Z0000000002107,entry,kWh/d,,,226229433,2020-02-04 13:21,,Confirmed,no,,no,,
364,Physical Flow,day,2019-12-31 06:00,2020-01-01 06:00,21X-IT-A-A0A0A-7,Snam Rete Gas,Griespass (CH) / Passo Gries (IT),21Z0000000002107,entry,kWh/d,,,44977895,2020-02-04 13:21,,Confirmed,no,,no,,
